cluster_id,product_category,week_start_date,festival_proximity,is_wedding_season,google_trends_index,cotton_price_rel_12wk_avg,cluster_code,product_code,cluster_name,state,primary_material,product_specialty,lag_1,lag_2,lag_4,lag_8,lag_52,rolling_mean_4,rolling_std_4,rolling_mean_12,rolling_std_12,avg_order_value_trailing_12,delivery_rate_trailing_12,delivery_gap_trailing_4,baseline_pred,xgb_pred,ensemble_pred,lower_90,upper_90,units_ordered,units_delivered,avg_order_value_inr
C01,dupatta,2026-06-29,0.0,True,52.8,-0.0947897049591964,0,0,Patan Patola,Gujarat,silk,saree,0.0,0.0,1.0,0.0,0.0,0.25,0.4330127018922193,0.5,0.6454972243679028,45465.22,1.0,0.0,0.0,0.7359287738800049,0.4292535780478262,0.0,5.068557985660145,0.4292535780478262,0.4292535780478262,45465.22
C01,dupatta,2026-07-06,0.0571428571428571,False,55.0,-0.0914826498422712,0,0,Patan Patola,Gujarat,silk,saree,0.4292535780478262,0.0,0.0,0.0,0.0,0.10731339451195655,0.18587225162739188,0.3691044648373189,0.46092311024659505,45585.68749999999,1.0,0.0,0.0,0.810897707939148,0.4729815641376402,0.0,5.112285971749959,0.4729815641376402,0.4729815641376402,45585.68749999999
C01,dupatta,2026-07-13,0.2571428571428571,False,64.8,-0.0778012684989428,0,0,Patan Patola,Gujarat,silk,saree,0.4729815641376402,0.4292535780478262,0.0,0.0,0.0,0.2255587855463666,0.22608799798548723,0.32518626184878885,0.422198308019928,45615.56895833334,1.0,0.0,0.0,0.5835897326469421,0.3403970462113229,0.0,4.979701453823641,0.3403970462113229,0.3403970462113229,45615.56895833334
C01,dupatta,2026-07-20,0.4571428571428571,False,60.5,-0.0638750132851524,0,0,Patan Patola,Gujarat,silk,saree,0.3403970462113229,0.4729815641376402,0.0,1.0,1.0,0.3106580470991973,0.1856115934151171,0.27021934903306577,0.37054221354749145,45454.28053819444,1.0,0.0,1.0,0.5211332440376282,0.7206859200228531,0.0,5.359990327635171,0.7206859200228531,0.7206859200228531,45454.28053819444
C02,dupatta,2026-06-29,0.0,True,52.8,-0.0947897049591964,1,0,Surendranagar Tangaliya,Gujarat,wool,shawl_wrap,4.0,4.0,5.0,5.0,7.0,4.5,0.5,6.0,1.6832508230603465,4584.645833333333,0.9305555555555556,2.0,7.0,5.656869888305664,6.216577165220914,1.577272757608596,10.855881572833233,6.216577165220914,5.784870417636129,4584.645833333333
C02,dupatta,2026-07-06,0.0571428571428571,False,55.0,-0.0914826498422712,1,0,Surendranagar Tangaliya,Gujarat,wool,shawl_wrap,6.216577165220914,4.0,5.0,5.0,8.0,4.804144291305229,0.9119515015097611,6.018048097101743,1.6843148177322038,4596.592152777777,0.9386331099929357,0.4317067475847871,8.0,5.63551139831543,6.620837737903294,1.9815333302909757,11.260142145515612,6.620837737903294,6.214537516686762,4596.592152777777
C02,dupatta,2026-07-13,0.2571428571428571,False,64.8,-0.0778012684989428,1,0,Surendranagar Tangaliya,Gujarat,wool,shawl_wrap,6.620837737903294,6.216577165220914,4.0,8.0,8.0,5.209353725781052,1.2177704054495238,5.736451241927017,1.2110205679067507,4576.158998842592,0.9297183519222809,0.8380069688013201,8.0,5.9540934562683105,6.806660732100299,2.167356324487981,11.445965139712618,6.806660732100299,6.328277397942396,4576.158998842592
C02,dupatta,2026-07-20,0.4571428571428571,False,60.5,-0.0638750132851524,1,0,Surendranagar Tangaliya,Gujarat,wool,shawl_wrap,6.806660732100299,6.620837737903294,4.0,7.0,9.0,5.911018908806128,1.123763338480615,5.803672969602043,1.2456763580358674,4568.944748746142,0.9236634235652013,1.316390302959224,9.0,6.543911933898926,7.567409472500995,2.928105064888677,12.206713880113313,7.567409472500995,6.989739340890003,4568.944748746142
C03,dupatta,2026-06-29,0.0,True,52.8,-0.0947897049591964,2,0,Kutch Weaves (Bhujodi),Gujarat,wool/cotton,shawl_wrap,6.0,11.0,2.0,1.0,3.0,7.0,3.391164991562634,7.083333333333333,3.277660073216189,3115.2508333333335,0.9411764705882353,1.0,3.0,5.757249355316162,4.608252311021212,0.0,9.247556718633529,4.608252311021212,4.337178645667023,3115.2508333333335
C03,dupatta,2026-07-06,0.0571428571428571,False,55.0,-0.0914826498422712,2,0,Kutch Weaves (Bhujodi),Gujarat,wool/cotton,shawl_wrap,4.608252311021212,6.0,9.0,10.0,6.0,7.652063077755303,2.5009854047079374,6.717354359251768,3.288386056879165,3124.5767361111107,0.9346087588524296,1.2710736653541872,6.0,7.863940238952637,7.087201703799936,2.4478972961876178,11.726506111412254,7.087201703799936,6.623760788125282,3124.5767361111107
C03,dupatta,2026-07-13,0.2571428571428571,False,64.8,-0.0778012684989428,2,0,Kutch Weaves (Bhujodi),Gujarat,wool/cotton,shawl_wrap,7.087201703799936,4.608252311021212,11.0,9.0,10.0,7.173863503705286,2.3773486846273872,6.807954501235096,3.282345242121486,3109.804797453704,0.9420467804711641,1.73451458102884,10.0,8.24246597290039,8.97486306222846,4.3355586546161415,13.614167469840778,8.97486306222846,8.454740852941892,3109.804797453704
C03,dupatta,2026-07-20,0.4571428571428571,False,60.5,-0.0638750132851524,2,0,Kutch Weaves (Bhujodi),Gujarat,wool/cotton,shawl_wrap,8.97486306222846,7.087201703799936,6.0,9.0,10.0,6.667579269262401,1.5957859419843001,6.722526423087468,3.2107144354076365,3103.6451972415125,0.934862822154317,2.2546367903154056,10.0,8.852625846862793,9.330757978116445,4.691453570504127,13.970062385728763,9.330757978116445,8.722978736260849,3103.6451972415125
C04,dupatta,2026-06-29,0.0,True,52.8,-0.0947897049591964,3,0,Ahmedabad Ashavali,Gujarat,silk,saree,0.0,2.0,2.0,1.0,0.0,1.75,1.0897247358851685,1.0,0.9128709291752769,38168.361666666664,0.8333333333333334,0.0,0.0,0.7492831349372864,0.4370429286885926,0.0,5.076347336300911,0.4370429286885926,0.3642024405738272,38168.361666666664
C04,dupatta,2026-07-06,0.0571428571428571,False,55.0,-0.0914826498422712,3,0,Ahmedabad Ashavali,Gujarat,silk,saree,0.4370429286885926,0.0,3.0,0.0,0.0,1.3592607321721482,1.2042266781441155,0.9530869107240494,0.9260359338237797,38027.43097222222,0.9061959900995334,0.07284048811476573,0.0,0.6633893251419067,0.3869426655986785,0.0,5.026247073210997,0.3869426655986785,0.35064589196394713,38027.43097222222
C04,dupatta,2026-07-13,0.2571428571428571,False,64.8,-0.0778012684989428,3,0,Ahmedabad Ashavali,Gujarat,silk,saree,0.3869426655986785,0.4370429286885926,2.0,0.0,0.0,0.7059963985718178,0.765997305607501,0.9019987995239392,0.9388605299273591,38063.514386574076,0.8975296805333072,0.10913726174949678,0.0,0.6589785218238831,0.3843699259891853,0.0,5.0236743336015035,0.3843699259891853,0.34498341687968437,38063.514386574076
C04,dupatta,2026-07-20,0.4571428571428571,False,60.5,-0.0638750132851524,3,0,Ahmedabad Ashavali,Gujarat,silk,saree,0.3843699259891853,0.3869426655986785,0.0,1.0,0.0,0.3020888800691141,0.17567058813059624,0.9340296266897047,0.9137621529320843,38022.56891878859,0.8975296805333072,0.1485237708589977,0.0,0.47721755504608154,0.2783521317297574,0.0,4.917656539342076,0.2783521317297574,0.24982929986717423,38022.56891878859
C05,dupatta,2026-06-29,0.0,True,52.8,-0.0947897049591964,4,0,Surat Mashru,Gujarat,silk-cotton,yardage_fabric,11.0,6.0,12.0,10.0,14.0,10.5,2.692582403567252,9.416666666666666,3.9466934120715393,1216.1133333333335,0.9469026548672567,1.0,14.0,9.471691131591797,11.358721586571821,6.719417178959503,15.99802599418414,11.358721586571821,10.755603626222875,1216.1133333333335
C05,dupatta,2026-07-06,0.0571428571428571,False,55.0,-0.0914826498422712,4,0,Surat Mashru,Gujarat,silk-cotton,yardage_fabric,11.358721586571821,11.0,13.0,16.0,11.0,10.339680396642954,2.6165145357116875,9.863226798880985,3.8364658372787597,1221.8319444444444,0.9442109726107578,0.6031179603489392,11.0,8.93476676940918,9.79538783480298,5.156083427190662,14.434692242415299,9.79538783480298,9.248912674598907,1221.8319444444444
C05,dupatta,2026-07-13,0.2571428571428571,False,64.8,-0.0778012684989428,4,0,Surat Mashru,Gujarat,silk-cotton,yardage_fabric,9.79538783480298,11.358721586571821,6.0,2.0,9.0,9.5385273553437,2.1234501689996486,9.596175785114566,3.7185470115986257,1218.8296064814815,0.9465968418195979,1.149593120553014,9.0,10.056527137756348,9.616252646020996,4.976948238408678,14.255557053633314,9.616252646020996,9.102714384862827,1218.8296064814815
C05,dupatta,2026-07-20,0.4571428571428571,False,60.5,-0.0638750132851524,4,0,Surat Mashru,Gujarat,silk-cotton,yardage_fabric,9.616252646020996,9.79538783480298,11.0,12.0,11.0,10.442590516848949,0.7502844555950541,9.897530172282982,3.5579635061429506,1217.8162403549384,0.9523186484983716,1.6631313817111817,11.0,9.611032485961914,10.189841060229753,5.550536652617435,14.829145467842071,10.189841060229753,9.703975666891212,1217.8162403549384
C06,dupatta,2026-06-29,0.0,True,52.8,-0.0947897049591964,5,0,Varanasi Banarasi,Uttar Pradesh,silk,saree,3.0,3.0,1.0,2.0,1.0,2.5,0.8660254037844386,2.3333333333333335,1.1055415967851334,8325.565,0.9642857142857143,0.0,1.0,2.154449939727783,1.673369196712574,0.0,6.3126736043248926,1.673369196712574,1.6136060111156962,8325.565
C06,dupatta,2026-07-06,0.0571428571428571,False,55.0,-0.0914826498422712,5,0,Varanasi Banarasi,Uttar Pradesh,silk,saree,1.673369196712574,3.0,3.0,2.0,2.0,2.6683422991781436,0.5744479885449337,2.2227807663927144,1.099663298588932,8348.667916666667,0.960268866756904,0.05976318559687854,2.0,2.409440040588379,2.238818767055392,0.0,6.87812317466771,2.238818767055392,2.14986796031437,8348.667916666667
C06,dupatta,2026-07-13,0.2571428571428571,False,64.8,-0.0778012684989428,5,0,Varanasi Banarasi,Uttar Pradesh,silk,saree,2.238818767055392,1.673369196712574,3.0,1.0,0.0,2.4780469909419915,0.5589289719989645,2.2426823303139973,1.0976104926837837,8345.054409722223,0.9573162169540277,0.14871399233789973,0.0,2.458306074142456,1.4338842503723235,0.0,6.073188657984642,1.4338842503723235,1.3726806461163945,8345.054409722223
C06,dupatta,2026-07-20,0.4571428571428571,False,60.5,-0.0638750132851524,5,0,Varanasi Banarasi,Uttar Pradesh,silk,saree,1.4338842503723235,2.238818767055392,3.0,2.0,0.0,2.0865180535350722,0.6029650969957885,2.2788393511783576,1.0626693010976238,8381.36561053241,0.9557553425910944,0.20991759659382758,0.0,2.31911039352417,1.3526939965394924,0.0,5.99199840415181,1.3526939965394924,1.2928445140835192,8381.36561053241
C07,dupatta,2026-06-29,0.0,True,52.8,-0.0947897049591964,6,0,Mubarakpur Azamgarh,Uttar Pradesh,silk,saree,2.0,1.0,2.0,4.0,3.0,2.0,0.7071067811865476,3.5,1.5,6089.403333333333,0.9285714285714286,0.0,3.0,3.5275840759277344,3.307729987399517,0.0,7.947034395011835,3.307729987399517,3.071463559728123,6089.403333333333
C07,dupatta,2026-07-06,0.0571428571428571,False,55.0,-0.0914826498422712,6,0,Mubarakpur Azamgarh,Uttar Pradesh,silk,saree,3.307729987399517,2.0,3.0,5.0,8.0,2.3269324968498792,0.9058998689090804,3.5256441656166264,1.4938506250342691,6084.902777777778,0.9235064980173776,0.23626642767139394,8.0,3.270195722579956,5.241193058882203,0.6018886512698849,9.880497466494521,5.241193058882203,4.840275847241291,6084.902777777778
C07,dupatta,2026-07-13,0.2571428571428571,False,64.8,-0.0778012684989428,6,0,Mubarakpur Azamgarh,Uttar Pradesh,silk,saree,5.241193058882203,3.307729987399517,1.0,5.0,3.0,2.88723076157043,1.586409189630999,3.629076920523477,1.5644165794608296,6056.46800925926,0.9394431950358535,0.6371836393123065,3.0,3.46687912940979,3.272321920174959,0.0,7.911626327787277,3.272321920174959,3.074160559875023,6056.46800925926
C07,dupatta,2026-07-20,0.4571428571428571,False,60.5,-0.0638750132851524,6,0,Mubarakpur Azamgarh,Uttar Pradesh,silk,saree,3.272321920174959,5.241193058882203,2.0,6.0,4.0,3.4553112416141696,1.1578611740590388,3.7351037472047235,1.491846536753511,6055.813676697532,0.9367410476497439,0.8353449996122428,4.0,4.042325973510742,4.024687953805712,0.0,8.66399236141803,4.024687953805712,3.7700904103112665,6055.813676697532
C08,dupatta,2026-06-29,0.0,True,52.8,-0.0947897049591964,7,0,Shantipur-Fulia Tant,West Bengal,cotton,saree,5.0,4.0,9.0,8.0,8.0,6.0,1.8708286933869707,5.666666666666667,1.7950549357115013,2170.809166666667,0.9264705882352942,2.0,8.0,5.2664923667907715,6.4055957942915995,1.7662913866792813,11.044900201903918,6.4055957942915995,5.934596103534864,2170.809166666667
C08,dupatta,2026-07-06,0.0571428571428571,False,55.0,-0.0914826498422712,7,0,Shantipur-Fulia Tant,West Bengal,cotton,saree,6.4055957942915995,5.0,6.0,4.0,8.0,5.3513989485729,0.9329757034212728,5.867132982857633,1.7309117110503576,2174.2099305555553,0.9222931127982824,2.4709996907567344,8.0,5.954177379608154,6.806709683024884,2.167405275412566,11.446014090637203,6.806709683024884,6.277781461471231,2174.2099305555553
C08,dupatta,2026-07-13,0.2571428571428571,False,64.8,-0.0778012684989428,7,0,Shantipur-Fulia Tant,West Bengal,cotton,saree,6.806709683024884,6.4055957942915995,4.0,7.0,6.0,5.553076369329121,1.1198577515051835,6.10102545644304,1.650576029422225,2173.098258101852,0.9317064545404936,0.9999279123103868,6.0,6.802830219268799,6.46827594791428,1.8289715403019615,11.107580355526597,6.46827594791428,6.0265344504207645,2173.098258101852
C08,dupatta,2026-07-20,0.4571428571428571,False,60.5,-0.0638750132851524,7,0,Shantipur-Fulia Tant,West Bengal,cotton,saree,6.46827594791428,6.806709683024884,5.0,4.0,2.0,6.170145356307691,0.6925989198908477,6.223381785435897,1.6185327141080028,2181.072279610339,0.9271340781505294,1.4416694098039002,2.0,6.47824239730835,4.612075571220321,0.0,9.251379978832638,4.612075571220321,4.276012433083928,2181.072279610339
C09,dupatta,2026-06-29,0.0,True,52.8,-0.0947897049591964,8,0,Murshidabad Silk,West Bengal,silk,saree,2.0,6.0,3.0,5.0,3.0,4.25,1.7853571071357126,4.083333333333333,1.6051133570215186,6959.5199999999995,1.0,0.0,3.0,3.476931095123291,3.2781850449800753,0.0,7.917489452592394,3.2781850449800753,3.2781850449800753,6959.5199999999995
C09,dupatta,2026-07-06,0.0571428571428571,False,55.0,-0.0914826498422712,8,0,Murshidabad Silk,West Bengal,silk,saree,3.2781850449800753,2.0,6.0,3.0,6.0,4.319546261245019,1.740156428096892,3.9398487537483398,1.593674965820166,6989.053333333333,1.0,0.0,6.0,3.961421489715576,4.810935037833325,0.17163063022100644,9.450239445445643,4.810935037833325,4.810935037833325,6989.053333333333
C09,dupatta,2026-07-13,0.2571428571428571,False,64.8,-0.0778012684989428,8,0,Murshidabad Silk,West Bengal,silk,saree,4.810935037833325,3.2781850449800753,6.0,3.0,3.0,4.0222800207033504,1.5146490408330557,4.1740933402344504,1.4948503428857658,6974.766944444444,1.0,0.0,3.0,3.9135842323303223,3.5328767055924493,0.0,8.172181113204768,3.5328767055924493,3.5328767055924493,6974.766944444444
C09,dupatta,2026-07-20,0.4571428571428571,False,60.5,-0.0638750132851524,8,0,Murshidabad Silk,West Bengal,silk,saree,3.5328767055924493,4.810935037833325,2.0,7.0,2.0,3.405499197101462,0.9978867443836363,4.218499732367154,1.4669677069985814,6987.023356481481,1.0,0.0,2.0,4.226104736328125,3.298445525020153,0.0,7.937749932632471,3.298445525020153,3.298445525020153,6987.023356481481
C10,dupatta,2026-06-29,0.0,True,52.8,-0.0947897049591964,9,0,Bishnupur Baluchari,West Bengal,silk,saree,2.0,2.0,1.0,0.0,3.0,1.5,0.5,1.25,1.0897247358851685,11924.481666666667,1.0,0.0,3.0,1.822940468788147,2.31344304872856,0.0,6.952747456340878,2.31344304872856,2.31344304872856,11924.481666666667
C10,dupatta,2026-07-06,0.0571428571428571,False,55.0,-0.0914826498422712,9,0,Bishnupur Baluchari,West Bengal,silk,saree,2.31344304872856,2.0,1.0,2.0,4.0,1.82836076218214,0.4950773760134548,1.4427869207273798,1.0556360466659642,11944.160138888888,1.0,0.0,4.0,1.8974697589874268,2.773633181713909,0.0,7.412937589326227,2.773633181713909,2.773633181713909,11944.160138888888
C10,dupatta,2026-07-13,0.2571428571428571,False,64.8,-0.0778012684989428,9,0,Bishnupur Baluchari,West Bengal,silk,saree,2.773633181713909,2.31344304872856,2.0,0.0,1.0,2.2717690576106175,0.31674957061801545,1.5905896858702055,1.1062456471046098,11960.61431712963,1.0,0.0,1.0,2.065945625305176,1.6217462747845768,0.0,6.261050682396895,1.6217462747845768,1.6217462747845768,11960.61431712963
C10,dupatta,2026-07-20,0.4571428571428571,False,60.5,-0.0638750132851524,9,0,Bishnupur Baluchari,West Bengal,silk,saree,1.6217462747845768,2.773633181713909,2.0,4.0,6.0,2.1772056263067614,0.42255869098425225,1.6424018754355874,1.0918376596736867,11894.6263435571,1.0,0.0,6.0,2.1445817947387695,3.751206206065594,0.0,8.390510613677913,3.751206206065594,3.751206206065594,11894.6263435571
C11,dupatta,2026-06-29,0.0,True,52.8,-0.0947897049591964,10,0,Nadia Jamdani,West Bengal,cotton,saree,1.0,0.0,1.0,1.0,1.0,0.5,0.5,1.4166666666666667,0.9537935951882998,9471.5375,0.9411764705882353,0.0,1.0,1.8688693046569824,1.5067953192176033,0.0,6.146099726829922,1.5067953192176033,1.4181603004400973,9471.5375
C11,dupatta,2026-07-06,0.0571428571428571,False,55.0,-0.0914826498422712,10,0,Nadia Jamdani,West Bengal,cotton,saree,1.5067953192176033,1.0,0.0,2.0,2.0,0.6266988298044008,0.6518102563060928,1.4588996099348002,0.9455939611165536,9471.145625,0.9378164307671726,0.08863501877750624,2.0,1.6897598505020142,1.8190426859871403,0.0,6.458347093599459,1.8190426859871403,1.7059281191855906,9471.145625
C11,dupatta,2026-07-13,0.2571428571428571,False,64.8,-0.0778012684989428,10,0,Nadia Jamdani,West Bengal,cotton,saree,1.8190426859871403,1.5067953192176033,0.0,3.0,2.0,1.0814595013011858,0.6894073207547462,1.527153167100395,0.9395471816271467,9416.771927083335,0.9889909762641275,0.20174958557905587,2.0,1.5569982528686523,1.7416053131949214,0.0,6.38090972080724,1.7416053131949214,1.7224319389634368,9416.771927083335
C11,dupatta,2026-07-20,0.4571428571428571,False,60.5,-0.0638750132851524,10,0,Nadia Jamdani,West Bengal,cotton,saree,1.7416053131949214,1.8190426859871403,1.0,2.0,3.0,1.5168608295999162,0.31979305375116596,1.5056202765333053,0.9313891278224087,9416.122087673612,0.9877723175372823,0.22092295981054022,3.0,1.795206069946289,2.297266089272136,0.0,6.936570496884454,2.297266089272136,2.2691758490001472,9416.122087673612
C12,dupatta,2026-06-29,0.0,True,52.8,-0.0947897049591964,11,0,Sambalpur Ikat,Odisha,cotton/silk,saree,2.0,5.0,9.0,3.0,7.0,5.25,2.48746859276655,4.916666666666667,2.1392496088322392,4855.363333333332,0.8813559322033898,3.0,7.0,5.045995712280273,5.860265610213456,1.2209612026011376,10.499570017825775,5.860265610213456,5.164979859849147,4855.363333333332
C12,dupatta,2026-07-06,0.0571428571428571,False,55.0,-0.0914826498422712,11,0,Sambalpur Ikat,Odisha,cotton/silk,saree,5.860265610213456,2.0,5.0,9.0,4.0,4.465066402553364,1.4658991358042963,4.9883554675177875,2.155195849152987,4830.456944444444,0.8714458468916094,3.6952857503643095,4.0,3.5933187007904053,3.7627903555251923,0.0,8.40209476313751,3.7627903555251923,3.279068028046231,4830.456944444444
C12,dupatta,2026-07-13,0.2571428571428571,False,64.8,-0.0778012684989428,11,0,Sambalpur Ikat,Odisha,cotton/silk,saree,3.7627903555251923,5.860265610213456,5.0,5.0,5.0,4.155763991434663,1.4508451736715462,4.968587997144887,2.1652348613452417,4825.381689814814,0.8795934230213132,4.179008077843273,5.0,5.223451137542725,5.130334896138619,0.4910304885263006,9.769639303750937,5.130334896138619,4.512608832540261,4825.381689814814
C12,dupatta,2026-07-20,0.4571428571428571,False,60.5,-0.0638750132851524,11,0,Sambalpur Ikat,Odisha,cotton/silk,saree,5.130334896138619,3.7627903555251923,2.0,3.0,7.0,4.188347715469316,1.4707663041517987,5.146115905156439,2.082297079284731,4858.719330632715,0.87374403198554,1.7967341414416254,7.0,5.24119758605957,5.974123235754628,1.3348188281423097,10.613427643366947,5.974123235754628,5.219854523586749,4858.719330632715
C13,dupatta,2026-06-29,0.0,True,52.8,-0.0947897049591964,12,0,Berhampur Patta,Odisha,silk,saree,1.0,1.0,2.0,3.0,5.0,1.5,0.5,1.75,0.5951190357119042,7928.2475,0.9047619047619048,0.0,5.0,2.0426695346832275,3.275044095620518,0.0,7.914348503232836,3.275044095620518,2.9631351341328496,7928.2475
C13,dupatta,2026-07-06,0.0571428571428571,False,55.0,-0.0914826498422712,12,0,Berhampur Patta,Odisha,silk,saree,3.275044095620518,1.0,2.0,2.0,2.0,1.8187610239051295,0.9346586515879843,1.9395870079683766,0.6820276564836031,7909.414791666667,0.900670050205289,0.311908961487668,2.0,2.1895313262939453,2.1105501005686884,0.0,6.749854508181007,2.1105501005686884,1.9009092650399784,7909.414791666667
C13,dupatta,2026-07-13,0.2571428571428571,False,64.8,-0.0778012684989428,12,0,Berhampur Patta,Odisha,silk,saree,2.1105501005686884,3.275044095620518,1.0,2.0,1.0,1.8463985490473016,0.9412206366699302,1.9487995163491005,0.6835264501221746,7847.752690972223,0.8921750811263424,0.5215497970163785,1.0,2.0437684059143066,1.608810714832909,0.0,6.248115122445228,1.608810714832909,1.4353408300229793,7847.752690972223
C13,dupatta,2026-07-20,0.4571428571428571,False,60.5,-0.0638750132851524,12,0,Berhampur Patta,Odisha,silk,saree,1.608810714832909,2.1105501005686884,1.0,1.0,6.0,1.998601227755529,0.8353113193724337,1.916200409251843,0.6896085465940882,7877.720415219908,0.9262855599705553,0.6950196818263086,6.0,2.2184526920318604,3.7942937277145754,0.0,8.433598135326893,3.7942937277145754,3.514599490268861,7877.720415219908
C14,dupatta,2026-06-29,0.0,True,52.8,-0.0947897049591964,13,0,Nuapatna Sonepuri,Odisha,cotton,saree,4.0,2.0,1.0,6.0,4.0,2.75,1.299038105676658,3.1666666666666665,1.3437096247164249,4183.439166666667,0.9736842105263158,0.0,4.0,3.297636032104492,3.590324149548507,0.0,8.229628557160826,3.590324149548507,3.4958419350867045,4183.439166666667
C14,dupatta,2026-07-06,0.0571428571428571,False,55.0,-0.0914826498422712,13,0,Nuapatna Sonepuri,Odisha,cotton,saree,3.590324149548507,4.0,4.0,5.0,7.0,3.397581037387127,0.8240448829373423,3.215860345795709,1.3475080189896105,4199.313263888889,0.971638429098953,0.09448221446180227,7.0,3.519212484359741,4.969721325563486,0.330416917951168,9.609025733175805,4.969721325563486,4.828772221830072,4199.313263888889
C14,dupatta,2026-07-13,0.2571428571428571,False,64.8,-0.0778012684989428,13,0,Nuapatna Sonepuri,Odisha,cotton,saree,4.969721325563486,3.590324149548507,2.0,3.0,2.0,3.6400113687779987,1.0711940175873134,3.380003789592666,1.4287363338705494,4169.270202546297,0.9941954868285421,0.2354313181952179,2.0,4.042232036590576,3.191195996167615,0.0,7.830500403779933,3.191195996167615,3.1726726569751564,4169.270202546297
C14,dupatta,2026-07-20,0.4571428571428571,False,60.5,-0.0638750132851524,13,0,Nuapatna Sonepuri,Odisha,cotton,saree,3.191195996167615,4.969721325563486,4.0,3.0,5.0,3.9378103678199023,0.6608493525207298,3.479270122606634,1.369563263896857,4180.73438609182,0.9939174345854513,0.253954657387677,5.0,4.59578800201416,4.764230653042011,0.12492624542969288,9.40353506065433,4.764230653042011,4.735251908444885,4180.73438609182
C15,dupatta,2026-06-29,0.0,True,52.8,-0.0947897049591964,14,0,Pochampally Ikat,Telangana,cotton/silk,saree,3.0,4.0,3.0,2.0,5.0,2.5,1.5,2.9166666666666665,2.0598678490513795,4785.871666666667,0.9714285714285714,0.0,5.0,3.3738958835601807,4.0515236867557185,0.0,8.690828094368037,4.0515236867557185,3.9357658671341267,4785.871666666667
C15,dupatta,2026-07-06,0.0571428571428571,False,55.0,-0.0914826498422712,14,0,Pochampally Ikat,Telangana,cotton/silk,saree,4.0515236867557185,3.0,0.0,1.0,4.0,2.7628809216889296,1.6493029008199172,2.8376269738963096,1.995606049728075,4749.119305555556,0.9966005098424829,0.11575781962159226,4.0,3.267688274383545,3.572856178988734,0.0,8.212160586601051,3.572856178988734,3.5607102895740375,4749.119305555556
C15,dupatta,2026-07-13,0.2571428571428571,False,64.8,-0.0778012684989428,14,0,Pochampally Ikat,Telangana,cotton/silk,saree,3.572856178988734,4.0515236867557185,4.0,2.0,3.0,3.656094966436113,0.4219075270964875,3.052031655478704,1.9235682716319962,4740.135081018519,0.996507689426957,0.12790370903628734,3.0,4.381173133850098,3.805612622649476,0.0,8.444917030261795,3.805612622649476,3.792322241450491,4740.135081018519
C15,dupatta,2026-07-20,0.4571428571428571,False,60.5,-0.0638750132851524,14,0,Pochampally Ikat,Telangana,cotton/silk,saree,3.805612622649476,3.572856178988734,3.0,4.0,5.0,3.607498122098482,0.38944257919921543,2.7024993740328274,1.2589942577965345,4752.9371711033955,0.9956461880068025,0.14119409023527396,5.0,4.390721797943115,4.644619346950405,0.005314939338086688,9.283923754562723,4.644619346950405,4.624397547533815,4752.9371711033955
C16,dupatta,2026-06-29,0.0,True,52.8,-0.0947897049591964,15,0,Gadwal,Telangana,silk-cotton,saree,4.0,1.0,2.0,4.0,4.0,1.75,1.479019945774904,2.75,2.0052015692526606,6468.423333333332,0.8787878787878788,1.0,4.0,2.5836355686187744,3.173860947460116,0.0,7.813165355072434,3.173860947460116,2.7891505295861627,6468.423333333332
C16,dupatta,2026-07-06,0.0571428571428571,False,55.0,-0.0914826498422712,15,0,Gadwal,Telangana,silk-cotton,saree,3.173860947460116,4.0,0.0,7.0,3.0,2.0434652368650292,1.6101546988340147,3.0144884122883426,1.826374109630976,6446.384444444445,0.8787878787878789,1.3847104178739542,3.0,2.5808448791503906,2.7555146071634633,0.0,7.3948190147757815,2.7555146071634633,2.4215128365981955,6446.384444444445
C16,dupatta,2026-07-13,0.2571428571428571,False,64.8,-0.0778012684989428,15,0,Gadwal,Telangana,silk-cotton,saree,2.7555146071634633,3.173860947460116,1.0,1.0,3.0,2.732343888655895,1.095837757220791,2.9107812962186315,1.8026480755430567,6433.803981481481,0.864907055636882,1.7187121884392216,3.0,2.8853230476379395,2.9331110647277656,0.0,7.572415472340084,2.9331110647277656,2.536868454849652,6433.803981481481
C16,dupatta,2026-07-20,0.4571428571428571,False,60.5,-0.0638750132851524,15,0,Gadwal,Telangana,silk-cotton,saree,2.9331110647277656,2.7555146071634633,4.0,2.0,6.0,3.215621654837836,0.4765774002940105,2.8218738849459455,1.7727974106773785,6458.0443132716055,0.8784804304369731,2.114954798317335,6.0,2.9004063606262207,4.192064629868078,0.0,8.831369037480396,4.192064629868078,3.6826467404661196,6458.0443132716055
C17,dupatta,2026-06-29,0.0,True,52.8,-0.0947897049591964,16,0,Venkatagiri,Andhra Pradesh,cotton/silk,saree,5.0,7.0,8.0,2.0,4.0,6.0,1.5811388300841898,5.583333333333333,1.8911342863183696,4052.1299999999997,0.9701492537313433,1.0,4.0,4.185767650604248,4.108354818479232,0.0,8.74765922609155,4.108354818479232,3.9857173612111954,4052.1299999999997
C17,dupatta,2026-07-06,0.0571428571428571,False,55.0,-0.0914826498422712,16,0,Venkatagiri,Andhra Pradesh,cotton/silk,saree,4.108354818479232,5.0,4.0,3.0,4.0,5.027088704619808,1.2033386823809502,5.425696234873269,1.9283071962454934,4055.919166666667,0.9673983859185828,1.1226374572680378,4.0,4.439427375793457,4.256309822426191,0.0,8.89561423003851,4.256309822426191,4.117547252184507,4055.919166666667
C17,dupatta,2026-07-13,0.2571428571428571,False,64.8,-0.0778012684989428,16,0,Venkatagiri,Andhra Pradesh,cotton/silk,saree,4.256309822426191,4.108354818479232,7.0,6.0,6.0,5.091166160226356,1.152699129745843,5.030388720075452,1.6159884621662957,4076.5857638888883,0.9625376858968365,1.2614000275097226,6.0,5.221272945404053,5.545782980130548,0.90647857251823,10.185087387742866,5.545782980130548,5.33802511618092,4076.5857638888883
C17,dupatta,2026-07-20,0.4571428571428571,False,60.5,-0.0638750132851524,16,0,Venkatagiri,Andhra Pradesh,cotton/silk,saree,5.545782980130548,4.256309822426191,5.0,5.0,3.0,4.727611905258993,0.5807762423521226,4.992537301752997,1.5980539459231773,4092.402910879629,0.9587858547297455,1.46915789145935,3.0,4.121580123901367,3.654196843960454,0.0,8.293501251572772,3.654196843960454,3.5035922443873626,4092.402910879629
C18,dupatta,2026-06-29,0.0,True,52.8,-0.0947897049591964,17,0,Mangalagiri,Andhra Pradesh,cotton,saree,7.0,3.0,9.0,5.0,1.0,6.25,2.165063509461097,5.0,2.70801280154532,2531.4491666666668,0.9166666666666666,4.0,1.0,5.1757493019104,3.4356369699005906,0.0,8.074941377512909,3.4356369699005906,3.149333889075541,2531.4491666666668
C18,dupatta,2026-07-06,0.0571428571428571,False,55.0,-0.0914826498422712,17,0,Mangalagiri,Andhra Pradesh,cotton,saree,3.4356369699005906,7.0,6.0,6.0,2.0,4.858909242475148,1.6857939733628526,5.202969747491716,2.482486506663222,2541.6749305555554,0.9153319588398928,2.28630308082505,2.0,4.489101886749268,3.451846875587627,0.0,8.091151283199945,3.451846875587627,3.1595857622469863,2541.6749305555554
C18,dupatta,2026-07-13,0.2571428571428571,False,64.8,-0.0778012684989428,17,0,Mangalagiri,Andhra Pradesh,cotton,saree,3.451846875587627,3.4356369699005906,3.0,1.0,3.0,4.221870961372055,1.6141615922473032,5.157290320457352,2.5091022107461516,2550.0211747685184,0.9260179294799447,2.5785641941656934,3.0,5.308200836181641,4.34633065447378,0.0,8.985635062086098,4.34633065447378,4.024780113491023,2550.0211747685184
C18,dupatta,2026-07-20,0.4571428571428571,False,60.5,-0.0638750132851524,17,0,Mangalagiri,Andhra Pradesh,cotton,saree,4.34633065447378,3.451846875587627,7.0,10.0,5.0,4.558453624990499,1.4570038258970146,5.102817874996833,2.519001707271221,2554.0571059992285,0.919976980445151,1.900114735148449,5.0,6.010739803314209,5.5895457447064345,0.9502413370941163,10.228850152318753,5.5895457447064345,5.142253416275068,2554.0571059992285
C19,dupatta,2026-06-29,0.0,True,52.8,-0.0947897049591964,18,0,Kanchipuram Kanjeevaram,Tamil Nadu,silk,saree,2.0,0.0,0.0,1.0,0.0,0.5,0.8660254037844386,0.4166666666666667,0.6400954789890506,15007.938333333337,1.0,0.0,0.0,0.8222907781600952,0.479626930280219,0.0,5.118931337892537,0.479626930280219,0.479626930280219,15007.938333333337
C19,dupatta,2026-07-06,0.0571428571428571,False,55.0,-0.0914826498422712,18,0,Kanchipuram Kanjeevaram,Tamil Nadu,silk,saree,0.479626930280219,2.0,0.0,0.0,0.0,0.6199067325700548,0.8205035898622414,0.45663557752335154,0.6276841950328875,15065.344027777777,1.0,0.0,0.0,0.8555387258529663,0.4990198403232213,0.0,5.1383242479355395,0.4990198403232213,0.4990198403232213,15065.344027777777
C19,dupatta,2026-07-13,0.2571428571428571,False,64.8,-0.0778012684989428,18,0,Kanchipuram Kanjeevaram,Tamil Nadu,silk,saree,0.4990198403232213,0.479626930280219,0.0,0.0,0.0,0.7446616926508601,0.7518275479256635,0.41488723088362,0.6064573233874266,15152.151863425926,1.0,0.0,0.0,1.0500847101211548,0.6124948977009512,0.0,5.25179930531327,0.6124948977009512,0.6124948977009512,15152.151863425926
C19,dupatta,2026-07-20,0.4571428571428571,False,60.5,-0.0638750132851524,18,0,Kanchipuram Kanjeevaram,Tamil Nadu,silk,saree,0.6124948977009512,0.4990198403232213,2.0,1.0,1.0,0.8977854170760979,0.6383843224378881,0.46592847235869933,0.5950588694085795,15162.995352044754,1.0,0.0,1.0,1.2492268085479736,1.1453693660469673,0.0,5.784673773659286,1.1453693660469673,1.1453693660469673,15162.995352044754
C20,dupatta,2026-06-29,0.0,True,52.8,-0.0947897049591964,19,0,Arani Silk,Tamil Nadu,silk,saree,2.0,2.0,1.0,5.0,3.0,1.5,0.5,2.25,1.3616778865306827,6802.66,0.9629629629629629,0.0,3.0,2.3360683917999268,2.6127410307707333,0.0,7.2520454383830515,2.6127410307707333,2.515972844445891,6802.66
C20,dupatta,2026-07-06,0.0571428571428571,False,55.0,-0.0914826498422712,19,0,Arani Silk,Tamil Nadu,silk,saree,2.6127410307707333,2.0,1.0,1.0,2.0,1.9031852576926833,0.5783509301189573,2.301061752564228,1.3628338558712092,6831.279166666668,0.9602803580744613,0.09676818632484263,2.0,2.2151272296905518,2.1254797153715352,0.0,6.764784122983853,2.1254797153715352,2.041056422156982,6831.279166666668
C20,dupatta,2026-07-13,0.2571428571428571,False,64.8,-0.0778012684989428,19,0,Arani Silk,Tamil Nadu,silk,saree,2.1254797153715352,2.6127410307707333,2.0,4.0,0.0,2.184555186535567,0.25246497888370095,2.2281850621785226,1.3467979203324798,6818.492430555557,0.9558238563906755,0.18119147953939496,0.0,2.5564658641815186,1.4911390317998008,0.0,6.130443439412119,1.4911390317998008,1.4252662597895436,6818.492430555557
C20,dupatta,2026-07-20,0.4571428571428571,False,60.5,-0.0638750132851524,19,0,Arani Silk,Tamil Nadu,silk,saree,1.4911390317998008,2.1254797153715352,2.0,3.0,4.0,2.057339944485517,0.3990566180953955,2.3524466481618393,1.1958090893167677,6792.054299768519,0.9558238563906756,0.24706425154965217,4.0,2.9803965091705322,3.405284231079724,0.0,8.044588638692042,3.405284231079724,3.2548519058569783,6792.054299768519
C21,dupatta,2026-06-29,0.0,True,52.8,-0.0947897049591964,20,0,Salem,Tamil Nadu,cotton,yardage_fabric,24.0,22.0,27.0,25.0,25.0,24.5,1.8027756377319946,23.333333333333332,3.2489314482696545,931.1741666666667,0.9142857142857143,9.0,25.0,23.00008773803711,23.833488341944804,19.194183934332486,28.472792749557122,23.833488341944804,21.79061791263525,931.1741666666667
C21,dupatta,2026-07-06,0.0571428571428571,False,55.0,-0.0914826498422712,20,0,Salem,Tamil Nadu,cotton,yardage_fabric,23.833488341944804,24.0,25.0,17.0,18.0,23.7083720854862,1.0825362315153266,23.569457361828736,3.1728447090487872,931.5553472222222,0.9149928441279845,8.04287042930956,18.0,19.967288970947266,19.147483098644045,14.508178691031727,23.786787506256363,19.147483098644045,17.51981001832083,931.5553472222222
C21,dupatta,2026-07-13,0.2571428571428571,False,64.8,-0.0778012684989428,20,0,Salem,Tamil Nadu,cotton,yardage_fabric,19.147483098644045,23.833488341944804,22.0,24.0,27.0,22.24524286014721,1.9530716788405478,23.415080953382404,3.33502977144459,933.7249594907408,0.9086395659534524,7.670543509632765,27.0,26.979907989501953,26.988280703646105,22.348976296033786,31.627585111258423,26.988280703646105,24.52261966439093,933.7249594907408
C21,dupatta,2026-07-20,0.4571428571428571,False,60.5,-0.0638750132851524,20,0,Salem,Tamil Nadu,cotton,yardage_fabric,26.988280703646105,19.147483098644045,24.0,19.0,34.0,23.49231303605874,2.805061664231892,23.330771012019582,3.2291647360909184,931.1537061149692,0.9066461607883173,8.136204548887946,34.0,29.1583309173584,31.175944396778924,26.536639989166606,35.815248804391246,31.175944396778924,28.265550296289664,931.1537061149692
C22,dupatta,2026-06-29,0.0,True,52.8,-0.0947897049591964,21,0,Ilkal,Karnataka,cotton/silk,saree,4.0,6.0,6.0,3.0,0.0,5.5,0.8660254037844386,3.6666666666666665,1.8856180831641267,3816.038333333334,0.9545454545454546,0.0,0.0,3.835268020629883,2.237040565689602,0.0,6.87634497330192,2.237040565689602,2.135356903612802,3816.038333333334
C22,dupatta,2026-07-06,0.0571428571428571,False,55.0,-0.0914826498422712,21,0,Ilkal,Karnataka,cotton/silk,saree,2.237040565689602,4.0,6.0,4.0,2.0,4.559260141422401,1.5697880704006533,3.603086713807467,1.9195820744359557,3835.0581944444443,0.9513915930743748,0.1016836620768018,2.0,4.366095542907715,3.3800995610503954,0.0,8.019403968662713,3.3800995610503954,3.2157983061377307,3835.0581944444443
C22,dupatta,2026-07-13,0.2571428571428571,False,64.8,-0.0778012684989428,21,0,Ilkal,Karnataka,cotton/silk,saree,3.3800995610503954,2.237040565689602,6.0,1.0,3.0,3.9042850316849993,1.3652524583932988,3.4680950105616666,1.872992870331715,3820.5113773148137,0.9455516426624059,0.26598491698946347,3.0,5.498600959777832,4.457387508364018,0.0,9.096691915976336,4.457387508364018,4.214690080516486,3820.5113773148137
C22,dupatta,2026-07-20,0.4571428571428571,False,60.5,-0.0638750132851524,21,0,Ilkal,Karnataka,cotton/silk,saree,4.457387508364018,3.3800995610503954,4.0,2.0,5.0,3.518631908776004,0.8328632686472104,3.5062106362586682,1.8880230097713444,3815.7623254243813,0.9403752701255774,0.5086823448369948,5.0,4.864394664764404,4.920903927909544,0.2815995202972257,9.560208335521862,4.920903927909544,4.627496360469952,3815.7623254243813
C23,dupatta,2026-06-29,0.0,True,52.8,-0.0947897049591964,22,0,Molakalmuru,Karnataka,silk,saree,3.0,1.0,5.0,0.0,1.0,3.5,1.6583123951777,3.3333333333333335,1.8408935028645437,8942.305833333334,0.975,0.0,1.0,2.5879743099212646,1.9262359056677874,0.0,6.565540313280105,1.9262359056677874,1.8780800080260927,8942.305833333334
C23,dupatta,2026-07-06,0.0571428571428571,False,55.0,-0.0914826498422712,22,0,Molakalmuru,Karnataka,silk,saree,1.9262359056677874,3.0,5.0,4.0,4.0,2.731558976416947,1.4886845701581486,3.0771863254723155,1.8046577834453372,8958.970486111111,0.9716148729505134,0.04815589764169559,4.0,2.37111759185791,3.0499031608347487,0.0,7.689207568447067,3.0499031608347487,2.9633312721258234,8958.970486111111
C23,dupatta,2026-07-13,0.2571428571428571,False,64.8,-0.0778012684989428,22,0,Molakalmuru,Karnataka,silk,saree,3.0499031608347487,1.9262359056677874,1.0,6.0,2.0,2.244034766625634,0.846983754191209,3.2480115888752117,1.6935500848105414,8968.117193287037,0.9708866036111348,0.13472778635062,2.0,3.2543673515319824,2.7316491662537894,0.0,7.370953573866108,2.7316491662537894,2.6521215812813295,8968.117193287037
C23,dupatta,2026-07-20,0.4571428571428571,False,60.5,-0.0638750132851524,22,0,Molakalmuru,Karnataka,silk,saree,2.7316491662537894,3.0499031608347487,3.0,4.0,1.0,2.6769470581890813,0.45000528131898265,3.1423156860630272,1.682865284064542,8962.597792727624,0.9677982870852055,0.21425537132308037,1.0,3.219139337539673,2.2943827373447787,0.0,6.933687144957097,2.2943827373447787,2.220499683120142,8962.597792727624
C24,dupatta,2026-06-29,0.0,True,52.8,-0.0947897049591964,23,0,Guledgudda Khana,Karnataka,cotton,dupatta,73.0,68.0,76.0,82.0,59.0,71.25,3.418698582794336,74.83333333333333,10.462897410479671,1498.7958333333336,0.9354120267260579,17.0,59.0,74.52386474609375,68.05478182658717,63.41547741897486,72.69408623419949,68.05478182658717,63.6592613968076,1498.7958333333336
C24,dupatta,2026-07-06,0.0571428571428571,False,55.0,-0.0914826498422712,23,0,Guledgudda Khana,Karnataka,cotton,dupatta,68.05478182658717,73.0,68.0,77.0,75.0,69.26369545664679,2.157272364580168,74.67123181888226,10.551220282007346,1498.0454861111111,0.9359464157841108,18.395520429779538,75.0,76.39539337158203,75.81390702306399,71.17460261545168,80.4532114306763,75.81390702306399,70.95775454482656,1498.0454861111111
C24,dupatta,2026-07-13,0.2571428571428571,False,64.8,-0.0778012684989428,23,0,Guledgudda Khana,Karnataka,cotton,dupatta,75.81390702306399,68.05478182658717,68.0,101.0,84.0,71.21717221241279,3.3413827914625753,75.7390574041376,9.94712701386339,1497.5276099537039,0.9392082997402533,18.251672908016985,84.0,80.90939331054688,82.1973065507524,77.55800214314009,86.83661095836472,82.1973065507524,77.20039252876055,1497.5276099537039
C24,dupatta,2026-07-20,0.4571428571428571,False,60.5,-0.0638750132851524,23,0,Guledgudda Khana,Karnataka,cotton,dupatta,82.1973065507524,75.81390702306399,73.0,70.0,114.0,74.76649885010089,5.110812815883186,75.33883295003362,9.575672424115787,1501.5032441165124,0.9366765399635965,16.2485869300088,114.0,106.15570831298828,109.42457042935295,104.78526602174064,114.06387483696527,109.42457042935295,102.4954280167692,1501.5032441165124
C25,dupatta,2026-06-29,0.0,True,52.8,-0.0947897049591964,24,0,Sualkuchi Muga Silk,Assam,silk,saree,4.0,4.0,3.0,3.0,1.0,2.75,1.6393596310755,2.75,1.299038105676658,11909.390833333333,1.0,0.0,1.0,1.8558218479156494,1.49918498016113,0.0,6.138489387773449,1.49918498016113,1.49918498016113,11909.390833333333
C25,dupatta,2026-07-06,0.0571428571428571,False,55.0,-0.0914826498422712,24,0,Sualkuchi Muga Silk,Assam,silk,saree,1.49918498016113,4.0,0.0,5.0,2.0,2.3747962450402826,1.7094536249128716,2.7082654150134275,1.330135861069791,11883.078402777777,1.0,0.0,2.0,1.653656244277954,1.7979841233895668,0.0,6.437288531001885,1.7979841233895668,1.7979841233895668,11883.078402777777
C25,dupatta,2026-07-13,0.2571428571428571,False,64.8,-0.0778012684989428,24,0,Sualkuchi Muga Silk,Assam,silk,saree,1.7979841233895668,1.49918498016113,4.0,1.0,3.0,2.8242922758876743,1.1804443097989166,2.6080974252958913,1.3495133800337373,11956.393269675928,1.0,0.0,3.0,1.9988253116607666,2.416033409110042,0.0,7.055337816722361,2.416033409110042,2.416033409110042,11956.393269675928
C25,dupatta,2026-07-20,0.4571428571428571,False,60.5,-0.0638750132851524,24,0,Sualkuchi Muga Silk,Assam,silk,saree,2.416033409110042,1.7979841233895668,4.0,3.0,0.0,2.428300628165185,0.9657826079982811,2.5594335427217283,1.3450253786740858,11922.069375482251,1.0,0.0,0.0,1.8438689708709717,1.075494506112057,0.0,5.714798913724375,1.075494506112057,1.075494506112057,11922.069375482251
C26,dupatta,2026-06-29,0.0,True,52.8,-0.0947897049591964,25,0,Barpeta,Assam,cotton,yardage_fabric,27.0,19.0,23.0,7.0,18.0,21.75,3.5619517121937516,17.916666666666668,5.073761479962924,1108.1683333333333,0.9534883720930233,5.0,18.0,20.225345611572266,19.298002741656866,14.658698334044548,23.937307149269184,19.298002741656866,18.400421218789106,1108.1683333333333
C26,dupatta,2026-07-06,0.0571428571428571,False,55.0,-0.0914826498422712,25,0,Barpeta,Assam,cotton,yardage_fabric,19.298002741656866,27.0,18.0,13.0,22.0,20.824500685414215,3.597693519108014,18.191500228471405,5.051771496772968,1105.2915277777777,0.9638220165843017,4.897581522867753,22.0,22.188858032226562,22.110157380651,17.47085297303868,26.749461788263318,22.110157380651,21.31025647361533,1105.2915277777777
C26,dupatta,2026-07-13,0.2571428571428571,False,64.8,-0.0778012684989428,25,0,Barpeta,Assam,cotton,yardage_fabric,22.110157380651,19.298002741656866,19.0,23.0,19.0,21.852040030576966,3.2103487046736463,18.284013343525654,5.112160680340727,1103.6941550925924,0.9603593484168728,5.697482429903431,19.0,22.730701446533203,21.176048826178516,16.536744418566197,25.815353233790834,21.176048826178516,20.336616452752683,1103.6941550925924
C26,dupatta,2026-07-20,0.4571428571428571,False,60.5,-0.0638750132851524,25,0,Barpeta,Assam,cotton,yardage_fabric,21.176048826178516,22.110157380651,27.0,15.0,19.0,22.396052237121594,2.844485448694167,18.54868407904053,5.172465887870664,1108.0778346836419,0.96164635917499,3.5369148033292674,19.0,24.337291717529297,22.113143076001048,17.47383866838873,26.752447483613366,22.113143076001048,21.265023528952046,1108.0778346836419
C27,dupatta,2026-06-29,0.0,True,52.8,-0.0947897049591964,26,0,Chanderi,Madhya Pradesh,cotton-silk,saree,1.0,3.0,3.0,2.0,1.0,2.25,0.82915619758885,1.8333333333333333,1.0671873729054748,5405.95,1.0,0.0,1.0,2.008995294570923,1.588528205174662,0.0,6.2278326127869805,1.588528205174662,1.588528205174662,5405.95
C27,dupatta,2026-07-06,0.0571428571428571,False,55.0,-0.0914826498422712,26,0,Chanderi,Madhya Pradesh,cotton-silk,saree,1.588528205174662,1.0,2.0,1.0,1.0,1.8971320512936656,0.7292087798519346,1.8823773504312218,1.0409646161789006,5428.815833333333,1.0,0.0,1.0,2.4375412464141846,1.8384910952200864,0.0,6.477795502832405,1.8384910952200864,1.8384910952200864,5428.815833333333
C27,dupatta,2026-07-13,0.2571428571428571,False,64.8,-0.0778012684989428,26,0,Chanderi,Madhya Pradesh,cotton-silk,saree,1.8384910952200864,1.588528205174662,3.0,0.0,3.0,1.8567548250986872,0.7268626836841264,1.702251608366229,0.8231820833212835,5453.373819444444,1.0,0.0,3.0,2.7081360816955566,2.8297612001570296,0.0,7.469065607769348,2.8297612001570296,2.8297612001570296,5453.373819444444
C27,dupatta,2026-07-20,0.4571428571428571,False,60.5,-0.0638750132851524,26,0,Chanderi,Madhya Pradesh,cotton-silk,saree,2.8297612001570296,1.8384910952200864,1.0,2.0,1.0,1.8141951251379447,0.6606443838132603,1.8547317083793147,0.8480695379773464,5440.159971064814,1.0,0.0,1.0,2.6899657249450684,1.9857256027458188,0.0,6.625030010358137,1.9857256027458188,1.9857256027458188,5440.159971064814
C28,dupatta,2026-06-29,0.0,True,52.8,-0.0947897049591964,27,0,Maheshwar,Madhya Pradesh,cotton-silk,saree,3.0,3.0,4.0,1.0,3.0,3.5,0.5,3.0,1.0801234497346435,4996.2975,0.9722222222222222,0.0,3.0,3.7223856449127197,3.4213541225930264,0.0,8.060658530205345,3.4213541225930264,3.3263165080765535,4996.2975
C28,dupatta,2026-07-06,0.0571428571428571,False,55.0,-0.0914826498422712,27,0,Maheshwar,Madhya Pradesh,cotton-silk,saree,3.4213541225930264,3.0,4.0,4.0,0.0,3.3553385306482566,0.41002360028816975,3.035112843549419,1.0863833100108138,4974.898125,0.9699341872125177,0.09503761451647286,0.0,4.022118091583252,2.3460267398438712,0.0,6.98533114745619,2.3460267398438712,2.275491539089298,4974.898125
C28,dupatta,2026-07-13,0.2571428571428571,False,64.8,-0.0778012684989428,27,0,Maheshwar,Madhya Pradesh,cotton-silk,saree,2.3460267398438712,3.4213541225930264,3.0,4.0,4.0,2.9418452156092245,0.38460772412785227,2.980615071869742,1.1030529987403894,4988.3338020833335,0.9674124079771481,0.16557281527104628,4.0,4.309192657470703,4.180346331378878,0.0,8.819650738991196,4.180346331378878,4.044118910617677,4988.3338020833335
C28,dupatta,2026-07-20,0.4571428571428571,False,60.5,-0.0638750132851524,27,0,Maheshwar,Madhya Pradesh,cotton-silk,saree,4.180346331378878,2.3460267398438712,3.0,2.0,8.0,3.236931798453944,0.6659375111732463,2.995643932817982,1.117967280371293,4987.372452256945,0.9637862992279467,0.30180023603224626,8.0,3.7063841819763184,5.495613681562716,0.8563092739503979,10.134918089175034,5.495613681562716,5.296597172139801,4987.372452256945
C29,dupatta,2026-06-29,0.0,True,52.8,-0.0947897049591964,28,0,Paithan Paithani,Maharashtra,silk,saree,3.0,0.0,1.0,3.0,3.0,1.0,1.224744871391589,1.8333333333333333,1.3437096247164249,20319.169166666667,0.9545454545454546,0.0,3.0,2.0280139446258545,2.4330585963065294,0.0,7.072363003918848,2.4330585963065294,2.322465023747142,20319.169166666667
C29,dupatta,2026-07-06,0.0571428571428571,False,55.0,-0.0914826498422712,28,0,Paithan Paithani,Maharashtra,silk,saree,2.4330585963065294,3.0,0.0,0.0,2.0,1.3582646490766324,1.3729751186143206,1.8694215496922109,1.3534810356883953,20384.185763888887,0.9504929937310358,0.11059357255938718,2.0,1.3410340547561646,1.615637409696246,0.0,6.2549418173085645,1.615637409696246,1.5356520383260408,20384.185763888887
C29,dupatta,2026-07-13,0.2571428571428571,False,64.8,-0.0778012684989428,28,0,Paithan Paithani,Maharashtra,silk,saree,1.615637409696246,2.4330585963065294,0.0,3.0,1.0,1.762174001500694,1.130158122389432,1.6707246671668978,1.191434968532756,20411.599577546294,0.9406156418565517,0.19057894392959263,1.0,1.115963339805603,1.0676392611631291,0.0,5.706943668775447,1.0676392611631291,1.0042381889102112,20411.599577546294
C29,dupatta,2026-07-20,0.4571428571428571,False,60.5,-0.0638750132851524,28,0,Paithan Paithani,Maharashtra,silk,saree,1.0676392611631291,1.615637409696246,3.0,2.0,3.0,2.029083816791476,0.7418199617137214,1.5096946055971587,1.1298885763139848,20477.861209008486,0.9859806074221411,0.25398001618251076,3.0,1.644454836845398,2.209335696412907,0.0,6.848640104025225,2.209335696412907,2.178362151948617,20477.861209008486
C30,dupatta,2026-06-29,0.0,True,52.8,-0.0947897049591964,29,0,Solapur,Maharashtra,cotton,home_furnishing,8.0,7.0,7.0,7.0,7.0,8.25,1.6393596310755,7.416666666666667,1.3202482931462383,1789.26,0.898876404494382,4.0,7.0,8.202180862426758,7.70120975693967,3.0619053493273514,12.340514164551987,7.70120975693967,6.922435736574983,1789.26
C30,dupatta,2026-07-06,0.0571428571428571,False,55.0,-0.0914826498422712,29,0,Solapur,Maharashtra,cotton,home_furnishing,7.70120975693967,8.0,11.0,6.0,10.0,8.425302439234917,1.5301753943642677,7.475100813078306,1.3160244973712616,1777.5533333333333,0.8909850374720485,3.7787740203646862,10.0,9.60148811340332,9.7675554220902,5.128251014477883,14.406859829702519,9.7675554220902,8.702745733761349,1777.5533333333333
C30,dupatta,2026-07-13,0.2571428571428571,False,64.8,-0.0778012684989428,29,0,Solapur,Maharashtra,cotton,home_furnishing,9.7675554220902,7.70120975693967,7.0,7.0,9.0,8.117191294757468,1.0196313771702978,7.789063764919156,1.3747605438847508,1771.4244444444441,0.8946858483704244,3.8435837086935436,9.0,10.214831352233887,9.708588552560254,5.069284144947936,14.347892960172572,9.708588552560254,8.686136785626761,1771.4244444444441
C30,dupatta,2026-07-20,0.4571428571428571,False,60.5,-0.0638750132851524,29,0,Solapur,Maharashtra,cotton,home_furnishing,9.708588552560254,9.7675554220902,8.0,7.0,10.0,8.794338432897531,0.9498563625011996,7.848112810965844,1.4392117635224295,1776.4248148148147,0.8846215672337135,2.8660354756270365,10.0,11.332015037536621,10.776939618574193,6.137635210961875,15.416244026186511,10.776939618574193,9.533513215366202,1776.4248148148147
C31,dupatta,2026-06-29,0.0,True,52.8,-0.0947897049591964,30,0,Kota Doria,Rajasthan,cotton-silk,saree,7.0,3.0,4.0,3.0,1.0,5.0,1.5811388300841898,4.333333333333333,2.1343747458109497,4221.13,0.9038461538461539,3.0,1.0,3.7250325679779053,2.589460857651014,0.0,7.228765265263332,2.589460857651014,2.340474236723032,4221.13
C31,dupatta,2026-07-06,0.0571428571428571,False,55.0,-0.0914826498422712,30,0,Kota Doria,Rajasthan,cotton-silk,saree,2.589460857651014,7.0,6.0,5.0,0.0,4.647365214412753,1.891645698113942,4.132455071470917,2.175221990981576,4229.214999999999,0.9143167409477408,1.2489866209279796,0.0,3.2676143646240234,1.9059387368430842,0.0,6.5452431444554025,1.9059387368430842,1.7426316943164226,4229.214999999999
C31,dupatta,2026-07-13,0.2571428571428571,False,64.8,-0.0778012684989428,30,0,Kota Doria,Rajasthan,cotton-silk,saree,1.9059387368430842,2.589460857651014,3.0,7.0,2.0,3.623849898623525,1.9880114216781313,4.291283299541175,1.9225972389551118,4224.137916666666,0.9143167409477408,0.41229366345464413,2.0,4.21818733215332,3.293827450294025,0.0,7.933131857906343,3.293827450294025,3.01160157959704,4224.137916666666
C31,dupatta,2026-07-20,0.4571428571428571,False,60.5,-0.0638750132851524,30,0,Kota Doria,Rajasthan,cotton-silk,saree,3.293827450294025,1.9059387368430842,7.0,6.0,7.0,3.697306761197031,1.9689400783570752,4.482435587065677,1.6852414210804323,4205.421076388889,0.912723796342292,0.6945195341516293,7.0,5.918772220611572,6.369339928726765,1.7300355211144467,11.008644336339083,6.369339928726765,5.813448119942036,4205.421076388889
C32,dupatta,2026-06-29,0.0,True,52.8,-0.0947897049591964,31,0,Balaramapuram,Kerala,cotton,saree,7.0,8.0,7.0,7.0,7.0,8.5,2.0615528128088303,8.5,2.29128784747792,3176.2533333333326,0.9705882352941176,1.0,7.0,8.351523399353027,7.788318483498027,3.1490140758857086,12.427622891110346,7.788318483498027,7.559250292806908,3176.2533333333326
C32,dupatta,2026-07-06,0.0571428571428571,False,55.0,-0.0914826498422712,31,0,Balaramapuram,Kerala,cotton,saree,7.788318483498027,7.0,12.0,7.0,7.0,8.697079620874506,1.9430085610384216,8.31569320695817,2.2518300456405482,3172.0652777777777,0.9676408196894799,1.229068190691116,7.0,8.545818328857422,7.901647105297384,3.2623426976850656,12.540951512909702,7.901647105297384,7.645956281866966,3172.0652777777777
C32,dupatta,2026-07-13,0.2571428571428571,False,64.8,-0.0778012684989428,31,0,Balaramapuram,Kerala,cotton,saree,7.901647105297384,7.788318483498027,8.0,12.0,10.0,7.672491397198852,0.395422184724732,8.307497132399618,2.2531427776759045,3201.634050925926,0.9750751341978514,0.4847590141215363,10.0,9.665050506591797,9.804630184857778,5.16532577724546,14.443934592470097,9.804630184857778,9.560251093260502,3201.634050925926
C32,dupatta,2026-07-20,0.4571428571428571,False,60.5,-0.0638750132851524,31,0,Balaramapuram,Kerala,cotton,saree,9.804630184857778,7.901647105297384,7.0,11.0,13.0,8.123648943413297,1.0307783728323805,8.7912163144711,1.8663443185588333,3203.3593885030864,0.9741300671782809,0.7291381057188104,13.0,10.727812767028809,11.674675411038479,7.03537100342616,16.313979818650797,11.674675411038479,11.372652342439537,3203.3593885030864
C33,dupatta,2026-06-29,0.0,True,52.8,-0.0947897049591964,32,0,Srinagar Pashmina,Jammu & Kashmir,wool,shawl_wrap,3.0,0.0,0.0,1.0,0.0,1.0,1.224744871391589,1.0833333333333333,0.9537935951882998,24674.392499999998,0.7692307692307693,1.0,0.0,0.8247023820877075,0.4810335740363858,0.0,5.120337981648704,0.4810335740363858,0.37002582618183527,24674.392499999998
C33,dupatta,2026-07-06,0.0571428571428571,False,55.0,-0.0914826498422712,32,0,Srinagar Pashmina,Jammu & Kashmir,wool,shawl_wrap,0.4810335740363858,3.0,1.0,2.0,1.0,1.1202583935090964,1.1414330714544647,1.1234194645030322,0.9168123117928256,24606.730208333334,0.7692307692307693,1.1110077478545501,1.0,0.7345886826515198,0.8451905107262478,0.0,5.484494918338566,0.8451905107262478,0.6501465467124984,24606.730208333334
C33,dupatta,2026-07-13,0.2571428571428571,False,64.8,-0.0778012684989428,32,0,Srinagar Pashmina,Jammu & Kashmir,wool,shawl_wrap,0.8451905107262478,0.4810335740363858,0.0,0.0,1.0,1.0815560211906583,1.1474631356689464,1.1105186737302195,0.9195433469178059,24614.731059027778,0.7519138436484436,0.3060517118682995,1.0,0.6644793152809143,0.804297019580583,0.0,5.443601427192901,0.804297019580583,0.6047620634278237,24614.731059027778
C33,dupatta,2026-07-20,0.4571428571428571,False,60.5,-0.0638750132851524,32,0,Srinagar Pashmina,Jammu & Kashmir,wool,shawl_wrap,0.804297019580583,0.8451905107262478,3.0,2.0,1.0,1.2826302760858042,1.0015078998627942,1.0942100920286013,0.9230874501959552,24559.920313946757,0.8091784287835858,0.505586668021059,1.0,0.6354988217353821,0.7873932362396696,0.0,5.426697643851988,0.7873932362396696,0.6371416217352387,24559.920313946757
C34,dupatta,2026-06-29,0.0,True,52.8,-0.0947897049591964,33,0,Bhagalpur Tussar,Bihar,silk,saree,0.0,2.0,0.0,3.0,6.0,2.75,3.6996621467371855,3.0,2.273030282830976,5997.575000000001,0.9166666666666666,1.0,6.0,2.6656100749969482,4.055112319677339,0.0,8.694416727289656,4.055112319677339,3.7171862930375608,5997.575000000001
C34,dupatta,2026-07-06,0.0571428571428571,False,55.0,-0.0914826498422712,33,0,Bhagalpur Tussar,Bihar,silk,saree,4.055112319677339,0.0,9.0,3.0,4.0,3.7637780799193346,3.345886810162361,3.171259359973112,2.2686505678228284,6029.5529166666665,0.912287053613193,1.3379260266397779,4.0,2.481135129928589,3.114074346336665,0.0,7.753378753948983,3.114074346336665,2.840929710151906,6029.5529166666665
C34,dupatta,2026-07-13,0.2571428571428571,False,64.8,-0.0778012684989428,33,0,Bhagalpur Tussar,Bihar,silk,saree,3.114074346336665,4.055112319677339,2.0,4.0,2.0,2.292296666503501,1.5102068509527764,3.1807655555011674,2.2681519777666153,5986.502326388888,0.9053930413969274,0.6110706628245381,2.0,2.708876848220825,2.4134746925164663,0.0,7.0527791001287845,2.4134746925164663,2.1851431921919975,5986.502326388888
C34,dupatta,2026-07-20,0.4571428571428571,False,60.5,-0.0638750132851524,33,0,Bhagalpur Tussar,Bihar,silk,saree,2.4134746925164663,3.114074346336665,0.0,2.0,1.0,2.3956653396326177,1.50078357642435,2.9652217798775395,2.207105431041734,5972.763353587962,0.9202026477294877,0.839402163149007,1.0,2.7875399589538574,2.0426388402222186,0.0,6.681943247834537,2.0426388402222186,1.8796416691275755,5972.763353587962
C01,home_furnishing,2026-06-29,0.0,True,52.8,-0.0947897049591964,0,1,Patan Patola,Gujarat,silk,saree,1.0,0.0,0.0,1.0,1.0,0.75,0.82915619758885,0.4166666666666667,0.6400954789890506,45008.88666666666,0.8,0.0,1.0,0.3944113850593567,0.6513261067617141,0.0,4.687575939262197,0.6513261067617141,0.5210608854093713,45008.88666666666
C01,home_furnishing,2026-07-06,0.0571428571428571,False,55.0,-0.0914826498422712,0,1,Patan Patola,Gujarat,silk,saree,0.6513261067617141,1.0,2.0,0.0,1.0,0.9128315266904286,0.7230456612257379,0.47094384223014285,0.6299979144764088,44724.71638888889,0.7999999999999999,0.13026522135234275,1.0,0.4643717110157013,0.6916064862497088,0.0,4.727856318750192,0.6916064862497088,0.553285188999767,44724.71638888889
C01,home_furnishing,2026-07-13,0.2571428571428571,False,64.8,-0.0778012684989428,0,1,Patan Patola,Gujarat,silk,saree,0.6916064862497088,0.6513261067617141,0.0,0.0,1.0,0.5857331482528557,0.3640782695119392,0.5285777160842853,0.6157524127630012,44816.815254629626,0.7999999999999998,0.2685865186022842,1.0,0.5663995146751404,0.7503500468828208,0.0,4.786599879383303,0.7503500468828208,0.6002800375062565,44816.815254629626
C01,home_furnishing,2026-07-20,0.4571428571428571,False,60.5,-0.0638750132851524,0,1,Patan Patola,Gujarat,silk,saree,0.7503500468828208,0.6916064862497088,1.0,0.0,2.0,0.7733206599735609,0.13552771807024983,0.5911068866578537,0.5967049944331093,44636.37652584876,0.7999999999999998,0.41865652797884856,2.0,0.5951542258262634,1.191145550963633,0.0,5.227395383464115,1.191145550963633,0.9529164407709062,44636.37652584876
C02,home_furnishing,2026-06-29,0.0,True,52.8,-0.0947897049591964,1,1,Surendranagar Tangaliya,Gujarat,wool,shawl_wrap,4.0,3.0,3.0,7.0,2.0,3.25,0.4330127018922193,4.666666666666667,1.8408935028645432,4461.236666666667,0.9107142857142857,0.0,2.0,4.871302604675293,3.653182099428162,0.0,7.689431931928644,3.653182099428162,3.327005126264933,4461.236666666667
C02,home_furnishing,2026-07-06,0.0571428571428571,False,55.0,-0.0914826498422712,1,1,Surendranagar Tangaliya,Gujarat,wool,shawl_wrap,3.653182099428162,4.0,3.0,3.0,5.0,3.4132955248570402,0.43110152271418467,4.554431841619014,1.8581251001153563,4462.823888888889,0.9208430907958333,0.32617697316322847,5.0,4.961896896362305,4.978061744950209,0.9418119124497268,9.014311577450691,4.978061744950209,4.584013763392449,4462.823888888889
C02,home_furnishing,2026-07-13,0.2571428571428571,False,64.8,-0.0778012684989428,1,1,Surendranagar Tangaliya,Gujarat,wool,shawl_wrap,4.978061744950209,3.653182099428162,3.0,4.0,3.0,3.907810961094593,0.7146488923791345,4.302603653698198,1.5539750045800318,4476.884212962963,0.9085781282173211,0.7202249547209902,3.0,5.450654029846191,4.410989342410801,0.37473950991031835,8.447239174911283,4.410989342410801,4.007728440314158,4476.884212962963
C02,home_furnishing,2026-07-20,0.4571428571428571,False,60.5,-0.0638750132851524,1,1,Surendranagar Tangaliya,Gujarat,wool,shawl_wrap,4.410989342410801,4.978061744950209,4.0,4.0,2.0,4.260558296697293,0.4935172663535162,4.336852765565765,1.5514552911335568,4458.512897376543,0.9015513834998492,1.1234858568176342,2.0,5.027833938598633,3.743306629953199,0.0,7.779556462453682,3.743306629953199,3.3747832710984644,4458.512897376543
C03,home_furnishing,2026-06-29,0.0,True,52.8,-0.0947897049591964,2,1,Kutch Weaves (Bhujodi),Gujarat,wool/cotton,shawl_wrap,6.0,5.0,2.0,4.0,7.0,3.75,1.7853571071357126,4.75,2.832107577994405,3190.228333333333,0.9824561403508771,0.0,7.0,4.053859233856201,5.303729056960442,1.2674792244599598,9.339978889460925,5.303729056960442,5.210681178768153,3190.228333333333
C03,home_furnishing,2026-07-06,0.0571428571428571,False,55.0,-0.0914826498422712,2,1,Kutch Weaves (Bhujodi),Gujarat,wool/cotton,shawl_wrap,5.303729056960442,6.0,2.0,0.0,4.0,4.575932264240111,1.530761049445014,4.5253107547467035,2.6675252698792495,3184.8948611111105,0.9798715871419114,0.09304787819228721,4.0,4.203039646148682,4.116902171140261,0.08065233863977816,8.153152003640743,4.116902171140261,4.034035464543188,3184.8948611111105
C03,home_furnishing,2026-07-13,0.2571428571428571,False,64.8,-0.0778012684989428,2,1,Kutch Weaves (Bhujodi),Gujarat,wool/cotton,shawl_wrap,4.116902171140261,5.303729056960442,5.0,9.0,3.0,5.105157807025176,0.6759956467806373,4.535052602341725,2.6658019450737593,3196.631099537037,0.9967675019414599,0.17591458478936062,3.0,6.554927825927734,5.04678637389646,1.010536541395977,9.083036206396942,5.04678637389646,5.030472646740972,3196.631099537037
C03,home_furnishing,2026-07-20,0.4571428571428571,False,60.5,-0.0638750132851524,2,1,Kutch Weaves (Bhujodi),Gujarat,wool/cotton,shawl_wrap,5.04678637389646,4.116902171140261,6.0,2.0,7.0,5.116854400499291,0.6744779975093794,4.2056181334997635,2.314839653954971,3192.4820244984567,0.9961910412484185,0.19222831194484868,7.0,6.5150041580200195,6.720758640014864,2.6845088075143817,10.757008472515347,6.720758640014864,6.695159547575713,3192.4820244984567
C04,home_furnishing,2026-06-29,0.0,True,52.8,-0.0947897049591964,3,1,Ahmedabad Ashavali,Gujarat,silk,saree,0.0,0.0,0.0,0.0,0.0,0.25,0.4330127018922193,0.5,0.6454972243679028,38622.01083333334,1.0,0.0,0.0,0.36962395906448364,0.2128148080422455,0.0,4.249064640542728,0.2128148080422455,0.2128148080422455,38622.01083333334
C04,home_furnishing,2026-07-06,0.0571428571428571,False,55.0,-0.0914826498422712,3,1,Ahmedabad Ashavali,Gujarat,silk,saree,0.2128148080422455,0.0,1.0,0.0,0.0,0.30320370201056135,0.4115702257423454,0.43440123400352043,0.6311917931762554,38528.44673611111,1.0,0.0,0.0,0.4244845509529114,0.24440135984849057,0.0,4.280651192348973,0.24440135984849057,0.24440135984849057,38528.44673611111
C04,home_furnishing,2026-07-13,0.2571428571428571,False,64.8,-0.0778012684989428,3,1,Ahmedabad Ashavali,Gujarat,silk,saree,0.24440135984849057,0.2128148080422455,0.0,1.0,1.0,0.11430404197268401,0.11484828162915274,0.45476801399089467,0.6207022104457699,38456.96563078704,1.0,0.0,1.0,0.5036092400550842,0.7141978984290029,0.0,4.750447730929485,0.7141978984290029,0.7141978984290029,38456.96563078704
C04,home_furnishing,2026-07-20,0.4571428571428571,False,60.5,-0.0638750132851524,3,1,Ahmedabad Ashavali,Gujarat,silk,saree,0.7141978984290029,0.24440135984849057,0.0,2.0,0.0,0.29285351657993475,0.260791140879688,0.5142845055266448,0.6083610615032836,38473.75276668596,1.0,0.0,0.0,0.24233107268810272,0.13952461536129201,0.0,4.175774447861775,0.13952461536129201,0.13952461536129201,38473.75276668596
C05,home_furnishing,2026-06-29,0.0,True,52.8,-0.0947897049591964,4,1,Surat Mashru,Gujarat,silk-cotton,yardage_fabric,10.0,5.0,10.0,9.0,11.0,8.5,2.0615528128088303,8.916666666666666,2.1778557242286634,1211.0783333333334,0.9345794392523364,3.0,11.0,8.744012832641602,9.701092112150153,5.664842279649671,13.737341944650636,9.701092112150153,9.066441226308555,1211.0783333333334
C05,home_furnishing,2026-07-06,0.0571428571428571,False,55.0,-0.0914826498422712,4,1,Surat Mashru,Gujarat,silk-cotton,yardage_fabric,9.701092112150153,10.0,9.0,9.0,8.0,8.425273028037537,2.010614693353416,8.725091009345846,1.9913276708436118,1213.364861111111,0.9270814589243848,2.6346508858415945,8.0,7.209432125091553,7.544822389303893,3.5085725568034105,11.581072221804376,7.544822389303893,6.9946649480012155,1213.364861111111
C05,home_furnishing,2026-07-13,0.2571428571428571,False,64.8,-0.0778012684989428,4,1,Surat Mashru,Gujarat,silk-cotton,yardage_fabric,7.544822389303893,9.701092112150153,5.0,11.0,10.0,8.061478625363511,2.005354242134799,8.77049287512117,1.957400269574175,1210.9919328703702,0.922231581473586,2.1848083271442746,10.0,8.632569313049316,9.212687673464053,5.176437840963571,13.248937505964536,9.212687673464053,8.496231522720965,1210.9919328703702
C05,home_furnishing,2026-07-20,0.4571428571428571,False,60.5,-0.0638750132851524,4,1,Surat Mashru,Gujarat,silk-cotton,yardage_fabric,9.212687673464053,7.544822389303893,10.0,12.0,9.0,9.114650543729525,0.9489110978015858,9.038216847909842,1.7709879950953928,1209.9837606095678,0.9179293822768273,2.9012644778873664,9.0,8.631806373596191,8.788008720744656,4.751758888244174,12.824258553245139,8.788008720744656,8.066771416476513,1209.9837606095678
C06,home_furnishing,2026-06-29,0.0,True,52.8,-0.0947897049591964,5,1,Varanasi Banarasi,Uttar Pradesh,silk,saree,1.0,1.0,3.0,3.0,0.0,1.5,0.8660254037844386,1.4166666666666667,0.9537935951882996,8264.545833333335,0.9411764705882353,0.0,0.0,1.6216717958450317,0.9336942681252867,0.0,4.969944100625769,0.9336942681252867,0.8787710758826227,8264.545833333335
C06,home_furnishing,2026-07-06,0.0571428571428571,False,55.0,-0.0914826498422712,5,1,Varanasi Banarasi,Uttar Pradesh,silk,saree,0.9336942681252867,1.0,1.0,1.0,1.0,0.9834235670313216,0.02871122411001067,1.3278078556771071,0.9449382945972347,8281.783819444447,0.9337929312254349,0.05492319224266362,1.0,1.6701316833496094,1.385835230800593,0.0,5.4220850633010755,1.385835230800593,1.294083142364763,8281.783819444447
C06,home_furnishing,2026-07-13,0.2571428571428571,False,64.8,-0.0778012684989428,5,1,Varanasi Banarasi,Uttar Pradesh,silk,saree,1.385835230800593,0.9336942681252867,1.0,0.0,2.0,1.0798823747314699,0.1787040152286962,1.2766274582438233,0.9235345268565189,8256.726637731483,0.9251494453038592,0.1466752806784939,2.0,1.7378348112106323,1.849055687654071,0.0,5.885305520154553,1.849055687654071,1.7106528437691098,8256.726637731483
C06,home_furnishing,2026-07-20,0.4571428571428571,False,60.5,-0.0638750132851524,5,1,Varanasi Banarasi,Uttar Pradesh,silk,saree,1.849055687654071,1.385835230800593,1.0,1.0,0.0,1.2921462966449875,0.3649530797138829,1.2640487655483292,0.9145809527270288,8288.429690875771,0.9812060174988718,0.28507812456345505,0.0,1.699486255645752,0.9784967462095395,0.0,5.014746578710022,0.9784967462095395,0.9601068954838666,8288.429690875771
C07,home_furnishing,2026-06-29,0.0,True,52.8,-0.0947897049591964,6,1,Mubarakpur Azamgarh,Uttar Pradesh,silk,saree,6.0,4.0,3.0,2.0,8.0,4.0,1.224744871391589,3.75,1.7380544678845176,6020.456666666666,0.9333333333333333,2.0,8.0,4.330636978149414,5.887326381360973,1.8510765488604903,9.923576213861455,5.887326381360973,5.494837955936908,6020.456666666666
C07,home_furnishing,2026-07-06,0.0571428571428571,False,55.0,-0.0914826498422712,6,1,Mubarakpur Azamgarh,Uttar Pradesh,silk,saree,5.887326381360973,6.0,3.0,3.0,2.0,4.721831595340243,1.2725798070902412,3.990610531780081,1.815694149272294,5996.436388888888,0.9291568629577008,2.3924884254240624,2.0,3.62105393409729,2.9333385278492097,0.0,6.969588360349692,2.9333385278492097,2.725531624529332,5996.436388888888
C07,home_furnishing,2026-07-13,0.2571428571428571,False,64.8,-0.0778012684989428,6,1,Mubarakpur Azamgarh,Uttar Pradesh,silk,saree,2.9333385278492097,5.887326381360973,4.0,0.0,3.0,4.705166227302546,1.2952538297028475,3.901722075767515,1.839018419367033,5979.21025462963,0.9231045664190104,1.6002953287439432,3.0,3.8054490089416504,3.463745577152454,0.0,7.499995409652937,3.463745577152454,3.197399359183081,5979.21025462963
C07,home_furnishing,2026-07-20,0.4571428571428571,False,60.5,-0.0638750132851524,6,1,Mubarakpur Azamgarh,Uttar Pradesh,silk,saree,3.463745577152454,2.9333385278492097,6.0,6.0,5.0,4.57110262159066,1.3858845148879337,3.7737008738635525,1.8113715070376488,5987.548609182098,0.91461428988067,1.8666415467133177,5.0,3.7609527111053467,4.2866057394959665,0.25035590699548393,8.322855571996449,4.2866057394959665,3.9205908644275076,5987.548609182098
C08,home_furnishing,2026-06-29,0.0,True,52.8,-0.0947897049591964,7,1,Shantipur-Fulia Tant,West Bengal,cotton,saree,6.0,8.0,4.0,5.0,4.0,6.5,1.6583123951777,6.5,1.5545631755148024,2186.5150000000003,0.9102564102564102,4.0,4.0,4.548830032348633,4.315994553701854,0.2797447212013715,8.352244386202337,4.315994553701854,3.928661709138867,2186.5150000000003
C08,home_furnishing,2026-07-06,0.0571428571428571,False,55.0,-0.0914826498422712,7,1,Shantipur-Fulia Tant,West Bengal,cotton,saree,4.315994553701854,6.0,8.0,7.0,9.0,6.578998638425464,1.5406911314380678,6.276332879475155,1.6562899308347117,2177.652916666667,0.9151928765939791,4.387332844562987,9.0,5.636218547821045,7.063268122950215,3.0270182904497327,11.099517955450697,7.063268122950215,6.464252671597363,2177.652916666667
C08,home_furnishing,2026-07-13,0.2571428571428571,False,64.8,-0.0778012684989428,7,1,Shantipur-Fulia Tant,West Bengal,cotton,saree,7.063268122950215,4.315994553701854,8.0,4.0,11.0,6.344815669163018,1.368468309976754,6.448271889721006,1.621600063699313,2165.740659722222,0.9097129120354895,3.9863482959158425,11.0,6.410876750946045,8.357764940883493,4.321515108383011,12.394014773383976,8.357764940883493,7.603166682479244,2165.740659722222
C08,home_furnishing,2026-07-20,0.4571428571428571,False,60.5,-0.0638750132851524,7,1,Shantipur-Fulia Tant,West Bengal,cotton,saree,8.357764940883493,7.063268122950215,6.0,8.0,10.0,6.43425690438389,1.4808065981824665,6.478085634794631,1.6528429666925264,2169.162381365741,0.9261491372867325,2.740946554320086,10.0,5.443451881408691,7.3765204083426505,3.340270575842168,11.412770240843134,7.3765204083426505,6.831758012364522,2169.162381365741
C09,home_furnishing,2026-06-29,0.0,True,52.8,-0.0947897049591964,8,1,Murshidabad Silk,West Bengal,silk,saree,2.0,2.0,3.0,3.0,1.0,3.25,1.6393596310755,3.0,1.5275252316519468,7065.225833333333,1.0,0.0,1.0,2.9382822513580322,2.115986004528695,0.0,6.152235837029178,2.115986004528695,2.115986004528695,7065.225833333333
C09,home_furnishing,2026-07-06,0.0571428571428571,False,55.0,-0.0914826498422712,8,1,Murshidabad Silk,West Bengal,silk,saree,2.115986004528695,2.0,6.0,4.0,4.0,3.028996501132174,1.7159631082774995,2.759665500377391,1.4168142869269227,7074.179652777777,1.0,0.0,4.0,2.937073230743408,3.388008945808509,0.0,7.4242587783089915,3.388008945808509,3.388008945808509,7074.179652777777
C09,home_furnishing,2026-07-13,0.2571428571428571,False,64.8,-0.0778012684989428,8,1,Murshidabad Silk,West Bengal,silk,saree,3.388008945808509,2.115986004528695,2.0,4.0,5.0,2.3759987375843012,0.5861999198718443,3.041999579194767,1.1514796318355687,7119.614623842593,1.0,0.0,5.0,2.7285704612731934,3.6922010075074705,0.0,7.7284508400079535,3.6922010075074705,3.6922010075074705,7119.614623842593
C09,home_furnishing,2026-07-20,0.4571428571428571,False,60.5,-0.0638750132851524,8,1,Murshidabad Silk,West Bengal,silk,saree,3.6922010075074705,3.388008945808509,2.0,2.0,3.0,2.7990489894611685,0.7499414454583467,3.1830163298203895,1.1183780740146203,7108.235842496142,1.0,0.0,3.0,2.8890717029571533,2.936131888470173,0.0,6.972381720970656,2.936131888470173,2.936131888470173,7108.235842496142
C10,home_furnishing,2026-06-29,0.0,True,52.8,-0.0947897049591964,9,1,Bishnupur Baluchari,West Bengal,silk,saree,2.0,0.0,1.0,3.0,1.0,1.0,0.7071067811865476,1.75,1.299038105676658,11970.403333333335,0.9523809523809523,0.0,1.0,1.620828628540039,1.3574484883076243,0.0,5.393698320808107,1.3574484883076243,1.2928080841024994,11970.403333333335
C10,home_furnishing,2026-07-06,0.0571428571428571,False,55.0,-0.0914826498422712,9,1,Bishnupur Baluchari,West Bengal,silk,saree,1.3574484883076243,2.0,1.0,2.0,1.0,1.089362122076906,0.723848579874454,1.6131207073589688,1.245550928983003,12059.271111111108,0.9450009951028311,0.06464040420512518,1.0,1.4903159141540527,1.2823044464294286,0.0,5.318554278929911,1.2823044464294286,1.211778977900595,12059.271111111108
C10,home_furnishing,2026-07-13,0.2571428571428571,False,64.8,-0.0778012684989428,9,1,Bishnupur Baluchari,West Bengal,silk,saree,1.2823044464294286,1.3574484883076243,0.0,2.0,1.0,1.1599382336842632,0.7254557650007104,1.7199794112280877,1.1542321037223227,11973.25287037037,0.9450009951028312,0.13516587273395864,1.0,1.618420124053955,1.3560617669999144,0.0,5.392311599500397,1.3560617669999144,1.2814797192358227,11973.25287037037
C10,home_furnishing,2026-07-20,0.4571428571428571,False,60.5,-0.0638750132851524,9,1,Bishnupur Baluchari,West Bengal,silk,saree,1.3560617669999144,1.2823044464294286,2.0,3.0,3.0,1.4989536754342419,0.2908720179344252,1.8329845584780806,1.0411486408542272,11878.791442901236,0.9450009951028312,0.20974792049805036,3.0,1.6437069177627563,2.2191002642905264,0.0,6.255350096791009,2.2191002642905264,2.097051957987503,11878.791442901236
C11,home_furnishing,2026-06-29,0.0,True,52.8,-0.0947897049591964,10,1,Nadia Jamdani,West Bengal,cotton,saree,0.0,0.0,3.0,1.0,1.0,1.25,1.299038105676658,1.1666666666666667,1.404358295529393,9648.839166666667,1.0,0.0,1.0,1.2252706289291382,1.1297018888452164,0.0,5.165951721345699,1.1297018888452164,1.1297018888452164,9648.839166666667
C11,home_furnishing,2026-07-06,0.0571428571428571,False,55.0,-0.0914826498422712,10,1,Nadia Jamdani,West Bengal,cotton,saree,1.1297018888452164,0.0,2.0,4.0,0.0,0.7824254722113041,0.8407538104879634,1.0108084907371013,1.2914920537342924,9634.971597222224,1.0,0.0,0.0,1.3728481531143188,0.7904314885745951,0.0,4.826681321075077,0.7904314885745951,0.7904314885745951,9634.971597222224
C11,home_furnishing,2026-07-13,0.2571428571428571,False,64.8,-0.0778012684989428,10,1,Nadia Jamdani,West Bengal,cotton,saree,0.7904314885745951,1.1297018888452164,0.0,1.0,2.0,0.4800333443549529,0.4947929488736417,1.076677781451651,1.257980781349319,9640.536730324075,1.0,0.0,2.0,1.2918760776519775,1.592290345609534,0.0,5.628540178110017,1.592290345609534,1.592290345609534,9640.536730324075
C11,home_furnishing,2026-07-20,0.4571428571428571,False,60.5,-0.0638750132851524,10,1,Nadia Jamdani,West Bengal,cotton,saree,1.592290345609534,0.7904314885745951,0.0,0.0,2.0,0.8781059307573365,0.5814027730384499,1.209368643585779,1.2208441972480202,9627.539791184414,1.0,0.0,2.0,1.1906050443649292,1.5339825033263363,0.0,5.570232335826819,1.5339825033263363,1.5339825033263363,9627.539791184414
C12,home_furnishing,2026-06-29,0.0,True,52.8,-0.0947897049591964,11,1,Sambalpur Ikat,Odisha,cotton/silk,saree,6.0,4.0,6.0,5.0,4.0,5.25,0.82915619758885,5.166666666666667,1.950783318453271,4928.8225,0.9516129032258065,0.0,4.0,5.2123026847839355,4.697995778748701,0.6617459462482183,8.734245611249182,4.697995778748701,4.470673402357635,4928.8225
C12,home_furnishing,2026-07-06,0.0571428571428571,False,55.0,-0.0914826498422712,11,1,Sambalpur Ikat,Odisha,cotton/silk,saree,4.697995778748701,6.0,5.0,5.0,3.0,4.924498944687175,0.7190975094241744,4.8914996482290585,1.7547539864047559,4902.949375,0.9620545412694064,0.22732237639106856,3.0,4.751567363739014,4.008482981543276,0.0,8.044732814043758,4.008482981543276,3.8563792559948387,4902.949375
C12,home_furnishing,2026-07-13,0.2571428571428571,False,64.8,-0.0778012684989428,11,1,Sambalpur Ikat,Odisha,cotton/silk,saree,4.008482981543276,4.697995778748701,4.0,8.0,6.0,4.676619690072995,0.8148639837649241,5.142206563357664,1.3488155318525135,4900.04765625,0.9614396065090226,0.37942610193950443,6.0,5.531073570251465,5.73001076990396,1.6937609374034777,9.766260602404444,5.73001076990396,5.509059299908925,4900.04765625
C12,home_furnishing,2026-07-20,0.4571428571428571,False,60.5,-0.0638750132851524,11,1,Sambalpur Ikat,Odisha,cotton/silk,saree,5.73001076990396,4.008482981543276,6.0,4.0,11.0,5.109122382548985,0.7999371060005314,5.036374127516328,1.2447004775543327,4910.896627604167,0.9569733849178101,0.6003775719345406,11.0,5.620805263519287,7.902873130401468,3.8666232979009854,11.939122962901951,7.902873130401468,7.562839250176303,4910.896627604167
C13,home_furnishing,2026-06-29,0.0,True,52.8,-0.0947897049591964,12,1,Berhampur Patta,Odisha,silk,saree,4.0,2.0,1.0,0.0,1.0,2.25,1.0897247358851685,1.9166666666666667,1.1873172373979173,7849.745833333332,0.8695652173913043,0.0,1.0,1.8396425247192383,1.4834328466544495,0.0,5.519682679154932,1.4834328466544495,1.2899416057864779,7849.745833333332
C13,home_furnishing,2026-07-06,0.0571428571428571,False,55.0,-0.0914826498422712,12,1,Berhampur Patta,Odisha,silk,saree,1.4834328466544495,4.0,2.0,2.0,5.0,2.3708582116636125,0.9639370274144201,1.7902860705545374,1.1452467869952037,7881.298819444443,0.8513509799079767,0.19349124086797254,5.0,2.0008208751678467,3.273191674720107,0.0,7.30944150722059,3.273191674720107,2.7866349396995944,7881.298819444443
C13,home_furnishing,2026-07-13,0.2571428571428571,False,64.8,-0.0778012684989428,12,1,Berhampur Patta,Odisha,silk,saree,3.273191674720107,1.4834328466544495,2.0,2.0,3.0,2.689156130343639,0.998513141692592,1.9797187101145461,1.1861324650539355,7918.325387731481,0.8450938190912842,0.6800479758884848,3.0,1.9432941675186157,2.391590714341614,0.0,6.427840546842097,2.391590714341614,2.0211185304862074,7918.325387731481
C13,home_furnishing,2026-07-20,0.4571428571428571,False,60.5,-0.0638750132851524,12,1,Berhampur Patta,Odisha,silk,saree,2.391590714341614,3.273191674720107,4.0,1.0,1.0,2.7870538089290426,0.9438468042341188,1.8456846029763474,1.0309964052211773,7851.845836709105,0.952568631442148,1.0505201597438916,1.0,1.9185380935668945,1.5288577844268643,0.0,5.565107616927347,1.5288577844268643,1.4563419673811726,7851.845836709105
C14,home_furnishing,2026-06-29,0.0,True,52.8,-0.0947897049591964,13,1,Nuapatna Sonepuri,Odisha,cotton,saree,2.0,1.0,6.0,3.0,1.0,2.75,1.920286436967152,3.0,1.5811388300841898,4223.518333333333,0.9166666666666666,1.0,1.0,2.515584945678711,1.872613669586453,0.0,5.908863502086936,1.872613669586453,1.7165625304542484,4223.518333333333
C14,home_furnishing,2026-07-06,0.0571428571428571,False,55.0,-0.0914826498422712,13,1,Nuapatna Sonepuri,Odisha,cotton,saree,1.872613669586453,2.0,2.0,2.0,3.0,1.7181534173966133,0.41787476972036686,2.7393844724655376,1.4848107202518703,4216.969861111111,0.90399147537051,0.15605113913220503,3.0,3.0416653156280518,3.0239892353565114,0.0,7.060239067856994,3.0239892353565114,2.733660490374473,4216.969861111111
C14,home_furnishing,2026-07-13,0.2571428571428571,False,64.8,-0.0778012684989428,13,1,Nuapatna Sonepuri,Odisha,cotton,saree,3.0239892353565114,1.872613669586453,1.0,4.0,2.0,1.9741507262357412,0.7180021746982532,2.741383575411914,1.485176363281917,4204.343182870371,0.8952359946079295,0.44637988411424345,2.0,3.1472954750061035,2.660567207004471,0.0,6.696817039504953,2.660567207004471,2.3818355297838885,4204.343182870371
C14,home_furnishing,2026-07-20,0.4571428571428571,False,60.5,-0.0638750132851524,13,1,Nuapatna Sonepuri,Odisha,cotton,saree,2.660567207004471,3.0239892353565114,2.0,1.0,3.0,2.389292527986859,0.4730051735674602,2.546430842662286,1.3202932211103882,4209.236781442901,0.8780936995249321,0.7251115613348258,3.0,3.0644586086273193,3.0371127089716063,0.0,7.073362541472089,3.0371127089716063,2.666869534495066,4209.236781442901
C15,home_furnishing,2026-06-29,0.0,True,52.8,-0.0947897049591964,14,1,Pochampally Ikat,Telangana,cotton/silk,saree,3.0,4.0,4.0,3.0,4.0,3.75,0.4330127018922193,3.75,1.2332207155790618,4783.328333333334,0.9777777777777777,0.0,4.0,3.6425187587738037,3.7941764870361547,0.0,7.830426319536637,3.7941764870361547,3.7098614539909067,4783.328333333334
C15,home_furnishing,2026-07-06,0.0571428571428571,False,55.0,-0.0914826498422712,14,1,Pochampally Ikat,Telangana,cotton/silk,saree,3.7941764870361547,3.0,4.0,5.0,3.0,3.6985441217590385,0.41196502654493045,3.5661813739196795,1.0321490571649594,4759.229861111112,0.9746620890491087,0.08431503304524668,3.0,3.8021318912506104,3.4618357124173356,0.0,7.498085544917818,3.4618357124173356,3.37412002740949,4759.229861111112
C15,home_furnishing,2026-07-13,0.2571428571428571,False,64.8,-0.0778012684989428,14,1,Pochampally Ikat,Telangana,cotton/silk,saree,3.4618357124173356,3.7941764870361547,4.0,3.0,4.0,3.5640030498633726,0.37802472035713874,3.438001016621124,0.937277521650314,4767.65568287037,0.9958301661047266,0.17203071805309378,4.0,3.6696126461029053,3.809776072208216,0.0,7.846025904708698,3.809776072208216,3.793889938808921,4767.65568287037
C15,home_furnishing,2026-07-20,0.4571428571428571,False,60.5,-0.0638750132851524,14,1,Pochampally Ikat,Telangana,cotton/silk,saree,3.809776072208216,3.4618357124173356,3.0,3.0,0.0,3.5164470679154265,0.3289663771239838,3.672149022638475,0.5829761359709752,4745.237823109567,0.9957355386384128,0.187916851452389,0.0,3.468370199203491,1.996949927247993,0.0,6.033199759748475,1.996949927247993,1.9884340114422194,4745.237823109567
C16,home_furnishing,2026-06-29,0.0,True,52.8,-0.0947897049591964,15,1,Gadwal,Telangana,silk-cotton,saree,5.0,1.0,2.0,2.0,6.0,2.75,1.479019945774904,3.0,1.224744871391589,6373.599999999999,1.0,0.0,6.0,2.6845743656158447,4.091109483958772,0.05485965145828953,8.127359316459255,4.091109483958772,4.091109483958772,6373.599999999999
C16,home_furnishing,2026-07-06,0.0571428571428571,False,55.0,-0.0914826498422712,15,1,Gadwal,Telangana,silk-cotton,saree,4.091109483958772,5.0,3.0,3.0,4.0,3.272777370989693,1.4910474447086337,3.1742591236632314,1.218815169191862,6358.356666666667,1.0,0.0,4.0,3.0474448204040527,3.4515565273191813,0.0,7.487806359819664,3.4515565273191813,3.4515565273191813,6358.356666666667
C16,home_furnishing,2026-07-13,0.2571428571428571,False,64.8,-0.0778012684989428,15,1,Gadwal,Telangana,silk-cotton,saree,3.4515565273191813,4.091109483958772,1.0,3.0,3.0,3.385666502819488,1.4831949128284925,3.0452221676064966,1.0942989639503218,6360.0038888888885,1.0,0.0,3.0,3.332386016845703,3.191374678605735,0.0,7.227624511106217,3.191374678605735,3.191374678605735,6360.0038888888885
C16,home_furnishing,2026-07-20,0.4571428571428571,False,60.5,-0.0638750132851524,15,1,Gadwal,Telangana,silk-cotton,saree,3.191374678605735,3.4515565273191813,5.0,4.0,1.0,3.9335101724709216,0.6973669232430697,2.977836724156974,1.0577158149131103,6372.812546296297,1.0,0.0,1.0,3.176246404647827,2.252996320990535,0.0,6.289246153491018,2.252996320990535,2.252996320990535,6372.812546296297
C17,home_furnishing,2026-06-29,0.0,True,52.8,-0.0947897049591964,16,1,Venkatagiri,Andhra Pradesh,cotton/silk,saree,3.0,5.0,1.0,3.0,3.0,3.75,1.920286436967152,3.4166666666666665,2.099933861392359,4028.0750000000003,0.9024390243902439,2.0,3.0,3.2683017253875732,3.1544774866063223,0.0,7.190727319106805,3.1544774866063223,2.846723585473998,4028.0750000000003
C17,home_furnishing,2026-07-06,0.0571428571428571,False,55.0,-0.0914826498422712,16,1,Venkatagiri,Andhra Pradesh,cotton/silk,saree,3.1544774866063223,3.0,6.0,3.0,3.0,4.28861937165158,1.2631017134306077,3.0128731238838604,1.5817151736339325,4024.902083333334,0.8808514408007095,2.3077539011323225,3.0,3.675975799560547,3.3892000410059566,0.0,7.425449873506439,3.3892000410059566,2.985381739281921,4024.902083333334
C17,home_furnishing,2026-07-13,0.2571428571428571,False,64.8,-0.0778012684989428,16,1,Venkatagiri,Andhra Pradesh,cotton/silk,saree,3.3892000410059566,3.1544774866063223,5.0,2.0,4.0,3.6359193819030695,0.7996508808016339,3.2119731273010235,1.4616243442774532,4017.290590277778,0.877760180006668,1.7115722028563578,4.0,3.9648489952087402,3.9797614463194497,0.0,8.016011278819931,3.9797614463194497,3.4932761235049576,4017.290590277778
C17,home_furnishing,2026-07-20,0.4571428571428571,False,60.5,-0.0638750132851524,16,1,Venkatagiri,Andhra Pradesh,cotton/silk,saree,3.9797614463194497,3.3892000410059566,3.0,5.0,4.0,3.380859743482932,0.3725103624926712,3.293619914494311,1.4748084792956868,4042.458139467592,0.8684816488489447,1.198057525670853,4.0,4.077784061431885,4.044784975909759,0.008535143409276635,8.08103480841024,4.044784975909759,3.512821525117547,4042.458139467592
C18,home_furnishing,2026-06-29,0.0,True,52.8,-0.0947897049591964,17,1,Mangalagiri,Andhra Pradesh,cotton,saree,0.0,8.0,8.0,5.0,4.0,5.0,3.3166247903554,4.333333333333333,2.357022603955158,2495.5183333333334,0.9423076923076923,2.0,4.0,4.0609130859375,4.035071337701862,0.0,8.071321170202346,4.035071337701862,3.8022787605267547,2495.5183333333334
C18,home_furnishing,2026-07-06,0.0571428571428571,False,55.0,-0.0914826498422712,17,1,Mangalagiri,Andhra Pradesh,cotton,saree,4.035071337701862,0.0,4.0,4.0,6.0,4.008767834425465,2.828467893535569,4.169589278141822,2.3031880752484555,2477.216527777778,0.9553754493102384,2.2327925771751076,6.0,4.661643028259277,5.229427164965479,1.1931773324649964,9.265676997465961,5.229427164965479,4.996066327364061,2477.216527777778
C18,home_furnishing,2026-07-13,0.2571428571428571,False,64.8,-0.0778012684989428,17,1,Mangalagiri,Andhra Pradesh,cotton,saree,5.229427164965479,4.035071337701862,8.0,3.0,2.0,4.316124625666835,2.877194033988291,4.105374875222279,2.2616268993202278,2477.4154050925927,0.9499405557808935,1.4661534147765245,2.0,5.351505279541016,3.9296637439935593,0.0,7.965913576494042,3.9296637439935593,3.732946961001269,2477.4154050925927
C18,home_furnishing,2026-07-20,0.4571428571428571,False,60.5,-0.0638750132851524,17,1,Mangalagiri,Andhra Pradesh,cotton,saree,3.9296637439935593,5.229427164965479,0.0,1.0,10.0,3.298540561665225,1.97164188983931,4.0995135205550755,2.2619835147555984,2474.0733555169754,0.9458701993050087,0.6628701977688163,10.0,4.651015281677246,6.920266860049056,2.8840170275485733,10.956516692549538,6.920266860049056,6.5456741941584475,2474.0733555169754
C19,home_furnishing,2026-06-29,0.0,True,52.8,-0.0947897049591964,18,1,Kanchipuram Kanjeevaram,Tamil Nadu,silk,saree,1.0,0.0,2.0,1.0,2.0,1.0,0.7071067811865476,0.75,0.924211375534118,14753.398333333333,0.8888888888888888,0.0,2.0,0.7800971865653992,1.2976283687660293,0.0,5.333878201266511,1.2976283687660293,1.153447438903137,14753.398333333333
C19,home_furnishing,2026-07-06,0.0571428571428571,False,55.0,-0.0914826498422712,18,1,Kanchipuram Kanjeevaram,Tamil Nadu,silk,saree,1.2976283687660293,1.0,1.0,0.0,2.0,0.8244070921915073,0.49123598422849696,0.6081356973971691,0.661178938591355,14765.994861111112,0.9802427689412099,0.14418092986289244,2.0,0.7987658381462097,1.308377037528285,0.0,5.344626870028767,1.308377037528285,1.2825271300858234,14765.994861111112
C19,home_furnishing,2026-07-13,0.2571428571428571,False,64.8,-0.0778012684989428,18,1,Kanchipuram Kanjeevaram,Tamil Nadu,silk,saree,1.308377037528285,1.2976283687660293,0.0,0.0,1.0,0.9015013515735786,0.5349932495372539,0.7171671171911927,0.6597818937594556,14746.567766203705,0.98024276894121,0.17003083730535407,1.0,0.6989360451698303,0.8266593217664113,0.0,4.862909154266894,0.8266593217664113,0.8103268225393697,14746.567766203705
C19,home_furnishing,2026-07-20,0.4571428571428571,False,60.5,-0.0638750132851524,18,1,Kanchipuram Kanjeevaram,Tamil Nadu,silk,saree,0.8266593217664113,1.308377037528285,1.0,0.0,0.0,1.1081661820151814,0.20428310146250714,0.7027220606717272,0.6553139168472591,14841.53258005401,0.977899828518944,0.18636333653239578,0.0,0.7749472260475159,0.4461838609477184,0.0,4.4824336934482005,0.4461838609477184,0.43632312110869415,14841.53258005401
C20,home_furnishing,2026-06-29,0.0,True,52.8,-0.0947897049591964,19,1,Arani Silk,Tamil Nadu,silk,saree,2.0,1.0,4.0,2.0,0.0,2.25,1.0897247358851685,2.1666666666666665,0.7993052538854533,7006.6083333333345,0.9230769230769231,2.0,0.0,1.8605802059173584,1.0712482501720788,0.0,5.107498082672562,1.0712482501720788,0.9888445386203805,7006.6083333333345
C20,home_furnishing,2026-07-06,0.0571428571428571,False,55.0,-0.0914826498422712,19,1,Arani Silk,Tamil Nadu,silk,saree,1.0712482501720788,2.0,2.0,2.0,1.0,1.5178120625430198,0.4828454682122321,2.08927068751434,0.8547391778108411,6946.014861111112,0.9169405651137691,1.0824037115516987,1.0,1.9106117486953735,1.5242941095866869,0.0,5.560543942087169,1.5242941095866869,1.397687102244006,6946.014861111112
C20,home_furnishing,2026-07-13,0.2571428571428571,False,64.8,-0.0778012684989428,19,1,Arani Silk,Tamil Nadu,silk,saree,1.5242941095866869,1.0712482501720788,1.0,3.0,1.0,1.3988855899396915,0.40109904358329546,2.1329618633132306,0.8101815445644284,6942.498599537036,0.9136954908848746,1.2090107188943788,1.0,1.9497333765029907,1.546818790435976,0.0,5.583068622936459,1.546818790435976,1.413321354037347,6942.498599537036
C20,home_furnishing,2026-07-20,0.4571428571428571,False,60.5,-0.0638750132851524,19,1,Arani Silk,Tamil Nadu,silk,saree,1.546818790435976,1.5242941095866869,2.0,2.0,1.0,1.5355902875486855,0.3284598878127319,2.011863429182895,0.779559716777176,6927.341816165123,0.9029710416176874,0.34250815529300827,1.0,1.6464375257492065,1.3721930750966855,0.0,5.408442907597168,1.3721930750966855,1.2390506103206316,6927.341816165123
C21,home_furnishing,2026-06-29,0.0,True,52.8,-0.0947897049591964,20,1,Salem,Tamil Nadu,cotton,yardage_fabric,19.0,25.0,27.0,23.0,26.0,24.5,3.278719262151,23.583333333333332,4.2122506520333705,905.9925,0.950530035335689,6.0,26.0,21.45956039428711,23.385795050832662,19.34954521833218,27.422044883333143,23.385795050832662,22.228900596021152,905.9925
C21,home_furnishing,2026-07-06,0.0571428571428571,False,55.0,-0.0914826498422712,20,1,Salem,Tamil Nadu,cotton,yardage_fabric,23.385795050832662,19.0,27.0,25.0,22.0,23.596448762708164,2.9464314566566183,23.448816254236053,4.190580761863933,906.8177083333334,0.946134827267761,3.156894454811507,22.0,25.09163475036621,23.780040605595964,19.743790773095483,27.816290438096445,23.780040605595964,22.49912461079588,906.8177083333334
C21,home_furnishing,2026-07-13,0.2571428571428571,False,64.8,-0.0778012684989428,20,1,Salem,Tamil Nadu,cotton,yardage_fabric,23.780040605595964,23.385795050832662,25.0,31.0,28.0,22.791458914107153,2.268443498833728,23.847152971369052,3.970152004697391,911.746684027778,0.9495473999665508,3.4378104496115895,28.0,25.290359497070312,26.43989652360746,22.403646691106978,30.47614635610794,26.43989652360746,25.105934999376107,911.746684027778
C21,home_furnishing,2026-07-20,0.4571428571428571,False,60.5,-0.0638750132851524,20,1,Salem,Tamil Nadu,cotton,yardage_fabric,26.43989652360746,23.780040605595964,19.0,18.0,26.0,23.15143304500902,2.6691975101268435,24.633811015003005,3.4346048786312413,908.5130743634259,0.9466459196933393,4.771771973842945,26.0,24.650196075439453,25.222836463775046,21.186586631274565,29.259086296275527,25.222836463775046,23.877095221525025,908.5130743634259
C22,home_furnishing,2026-06-29,0.0,True,52.8,-0.0947897049591964,21,1,Ilkal,Karnataka,cotton/silk,saree,6.0,5.0,3.0,5.0,8.0,4.5,1.118033988749895,4.0,1.6832508230603465,3794.6133333333332,1.0,0.0,8.0,3.7111756801605225,5.530665147725662,1.4944153152251793,9.566914980226144,5.530665147725662,5.530665147725662,3794.6133333333332
C22,home_furnishing,2026-07-06,0.0571428571428571,False,55.0,-0.0914826498422712,21,1,Ilkal,Karnataka,cotton/silk,saree,5.530665147725662,6.0,4.0,2.0,4.0,5.132666286931416,0.7435059051981403,4.127555428977138,1.7356000678181287,3786.643611111111,1.0,0.0,4.0,3.871166229248047,3.9258226272416707,0.0,7.962072459742153,3.9258226272416707,3.9258226272416707,3786.643611111111
C22,home_furnishing,2026-07-13,0.2571428571428571,False,64.8,-0.0778012684989428,21,1,Ilkal,Karnataka,cotton/silk,saree,3.9258226272416707,5.530665147725662,5.0,5.0,3.0,5.114121943741834,0.7719079049638999,4.288040647913944,1.6163959163027668,3781.7039120370373,1.0,0.0,3.0,4.602295875549316,3.9225383821031494,0.0,7.958788214603632,3.9225383821031494,3.9225383821031494,3781.7039120370373
C22,home_furnishing,2026-07-20,0.4571428571428571,False,60.5,-0.0638750132851524,21,1,Ilkal,Karnataka,cotton/silk,saree,3.9225383821031494,3.9258226272416707,6.0,1.0,6.0,4.84475653926762,0.9354122001552204,4.031585513089207,1.3947062607019098,3779.095071373457,1.0,0.0,6.0,4.459911823272705,5.113278342324199,1.077028509823717,9.149528174824681,5.113278342324199,5.113278342324199,3779.095071373457
C23,home_furnishing,2026-06-29,0.0,True,52.8,-0.0947897049591964,22,1,Molakalmuru,Karnataka,silk,saree,3.0,1.0,3.0,2.0,3.0,2.75,1.0897247358851685,2.5833333333333335,1.2555432644432805,8959.606666666668,0.9032258064516129,1.0,3.0,2.7589590549468994,2.8612181889355073,0.0,6.89746802143599,2.8612181889355073,2.584326106135297,8959.606666666668
C23,home_furnishing,2026-07-06,0.0571428571428571,False,55.0,-0.0914826498422712,22,1,Molakalmuru,Karnataka,silk,saree,2.8612181889355073,3.0,4.0,2.0,5.0,2.7153045472338766,1.0834037091245705,2.4051015157446254,1.031681875719216,8979.599722222223,0.8864603683271945,0.2768920828002095,5.0,2.6255311965942383,3.63287508775658,0.0,7.669124920257063,3.63287508775658,3.220399788379387,8979.599722222223
C23,home_furnishing,2026-07-13,0.2571428571428571,False,64.8,-0.0778012684989428,22,1,Molakalmuru,Karnataka,silk,saree,3.63287508775658,2.8612181889355073,1.0,1.0,2.0,2.623523319173022,0.9814342187532548,2.624507773057674,0.9885957346094488,8995.932199074074,0.8828552595636145,0.6893673821774033,2.0,2.3932249546051025,2.226403324729029,0.0,6.262653157229511,2.226403324729029,1.9655918851469412,8995.932199074074
C23,home_furnishing,2026-07-20,0.4571428571428571,False,60.5,-0.0638750132851524,22,1,Molakalmuru,Karnataka,silk,saree,2.226403324729029,3.63287508775658,3.0,2.0,3.0,2.930124150355279,0.49967803291751106,2.5600413834517597,0.9872301349598886,9001.894048996915,0.8714155284333275,0.9501788217594918,3.0,2.5206687450408936,2.7240200844367486,0.0,6.760269916937231,2.7240200844367486,2.3737534013424466,9001.894048996915
C24,home_furnishing,2026-06-29,0.0,True,52.8,-0.0947897049591964,23,1,Guledgudda Khana,Karnataka,cotton,dupatta,11.0,12.0,13.0,7.0,9.0,11.75,0.82915619758885,11.916666666666666,2.899952106884219,1517.3916666666667,0.951048951048951,1.0,9.0,10.259668350219727,9.725267049320617,5.689017216820135,13.7615168818211,9.725267049320617,9.249205025927301,1517.3916666666667
C24,home_furnishing,2026-07-06,0.0571428571428571,False,55.0,-0.0914826498422712,23,1,Guledgudda Khana,Karnataka,cotton,dupatta,9.725267049320617,11.0,11.0,12.0,17.0,10.931316762330155,0.8071670438949604,11.810438920776718,2.954420546173578,1513.4251388888888,0.9472496176649176,1.4760620233933182,17.0,10.801373481750488,13.431076827525931,9.394826995025449,17.467326660026416,13.431076827525931,12.722582389702072,1513.4251388888888
C24,home_furnishing,2026-07-13,0.2571428571428571,False,64.8,-0.0778012684989428,23,1,Guledgudda Khana,Karnataka,cotton,dupatta,13.431076827525931,9.725267049320617,12.0,19.0,13.0,11.539085969211637,1.3576288067875835,11.679695323070547,2.8429921129336257,1514.4047337962963,0.9487389848901155,2.18455646121717,13.0,10.939053535461426,11.813388809139386,7.777138976638904,15.849638641639869,11.813388809139386,11.207822506895152,1514.4047337962963
C24,home_furnishing,2026-07-20,0.4571428571428571,False,60.5,-0.0638750132851524,23,1,Guledgudda Khana,Karnataka,cotton,dupatta,11.813388809139386,13.431076827525931,11.0,13.0,13.0,11.492433171496483,1.3441278099714105,11.830811057165496,2.7975244389640452,1516.9276282793207,0.9521720395256356,1.7901227634613974,13.0,11.511918067932129,12.143221474263497,8.106971641763014,16.17947130676398,12.143221474263497,11.562435957560968,1516.9276282793207
C25,home_furnishing,2026-06-29,0.0,True,52.8,-0.0947897049591964,24,1,Sualkuchi Muga Silk,Assam,silk,saree,1.0,3.0,1.0,0.0,1.0,1.75,0.82915619758885,1.4166666666666667,0.8620067027323833,12116.276666666667,0.9411764705882353,1.0,1.0,1.7172307968139648,1.4129530313247955,0.0,5.449202863825278,1.4129530313247955,1.3298381471292193,12116.276666666667
C25,home_furnishing,2026-07-06,0.0571428571428571,False,55.0,-0.0914826498422712,24,1,Sualkuchi Muga Silk,Assam,silk,saree,1.4129530313247955,1.0,2.0,1.0,1.0,1.8532382578311988,0.7514100258136466,1.4510794192770664,0.8528803401873125,12023.72388888889,0.9377983227631107,1.0831148841955756,1.0,1.741536021232605,1.4269470150540111,0.0,5.463196847554494,1.4269470150540111,1.338188517389479,12023.72388888889
C25,home_furnishing,2026-07-13,0.2571428571428571,False,64.8,-0.0778012684989428,24,1,Sualkuchi Muga Silk,Assam,silk,saree,1.4269470150540111,1.4129530313247955,3.0,2.0,2.0,1.7099750115947017,0.7642898487138698,1.4033250038649003,0.8366979370732905,12059.870879629629,0.9304109063217331,1.1718733818601077,2.0,1.6590163707733154,1.8036751573596848,0.0,5.839924989860167,1.8036751573596848,1.6781590378690188,12059.870879629629
C25,home_furnishing,2026-07-20,0.4571428571428571,False,60.5,-0.0638750132851524,24,1,Sualkuchi Muga Silk,Assam,silk,saree,1.8036751573596848,1.4269470150540111,1.0,2.0,2.0,1.4108938009346228,0.2843294109457267,1.5536312669782075,0.7257534453351586,12091.280952932097,0.9304109063217331,1.2973895013507741,2.0,1.7046101093292236,1.8299262227485795,0.0,5.866176055249062,1.8299262227485795,1.7025833154094114,12091.280952932097
C26,home_furnishing,2026-06-29,0.0,True,52.8,-0.0947897049591964,25,1,Barpeta,Assam,cotton,yardage_fabric,20.0,23.0,11.0,21.0,16.0,17.75,4.437059837324712,18.416666666666668,4.44331582892276,1084.7141666666666,0.9502262443438914,3.0,16.0,19.962337493896484,18.28135669369599,14.245106861195508,22.31760652619647,18.28135669369599,17.3714249125618,1084.7141666666666
C26,home_furnishing,2026-07-06,0.0571428571428571,False,55.0,-0.0914826498422712,25,1,Barpeta,Assam,cotton,yardage_fabric,18.28135669369599,20.0,17.0,19.0,15.0,19.570339173423996,2.2480714574234337,18.27344639114133,4.417596315146478,1079.7203472222222,0.9456865282087313,1.9099317811341905,15.0,20.714628219604492,18.290256158356232,14.25400632585575,22.326505990856717,18.290256158356232,17.296848846444274,1079.7203472222222
C26,home_furnishing,2026-07-13,0.2571428571428571,False,64.8,-0.0778012684989428,25,1,Barpeta,Assam,cotton,yardage_fabric,18.290256158356232,18.28135669369599,23.0,18.0,17.0,19.892903213013057,1.9255570577894245,18.797634404337686,3.995088260505576,1081.3212094907408,0.9427971501825932,2.9033390930461564,17.0,19.624984741210938,18.51136204814356,14.475112215643078,22.54761188064404,18.51136204814356,17.45245938498796,1081.3212094907408
C26,home_furnishing,2026-07-20,0.4571428571428571,False,60.5,-0.0638750132851524,25,1,Barpeta,Assam,cotton,yardage_fabric,18.51136204814356,18.290256158356232,20.0,27.0,16.0,18.770743725048945,0.71566713841414,18.67358124168298,3.978906477717491,1078.9579769483028,0.946616909376852,3.962241756201749,16.0,23.77791976928711,20.478217556184042,16.44196772368356,24.514467388684523,20.478217556184042,19.385027012581727,1078.9579769483028
C27,home_furnishing,2026-06-29,0.0,True,52.8,-0.0947897049591964,26,1,Chanderi,Madhya Pradesh,cotton-silk,saree,3.0,2.0,1.0,2.0,1.0,2.0,0.7071067811865476,2.3333333333333335,1.247219128924647,5551.755,1.0,0.0,1.0,1.8700284957885742,1.5009278830061645,0.0,5.5371777155066475,1.5009278830061645,1.5009278830061645,5551.755
C27,home_furnishing,2026-07-06,0.0571428571428571,False,55.0,-0.0914826498422712,26,1,Chanderi,Madhya Pradesh,cotton-silk,saree,1.5009278830061645,3.0,2.0,2.0,1.0,2.1252319707515412,0.5445963624482468,2.375077323583847,1.209713361157608,5510.74625,1.0,0.0,1.0,2.0521485805511475,1.6057854008399122,0.0,5.642035233340395,1.6057854008399122,1.6057854008399122,5510.74625
C27,home_furnishing,2026-07-13,0.2571428571428571,False,64.8,-0.0778012684989428,26,1,Chanderi,Madhya Pradesh,cotton-silk,saree,1.6057854008399122,1.5009278830061645,2.0,4.0,4.0,2.026678320961519,0.591952531229142,2.1755594403205065,1.11932363219654,5525.9826041666665,1.0,0.0,4.0,2.0312442779541016,2.86646858031144,0.0,6.9027184128119226,2.86646858031144,2.86646858031144,5525.9826041666665
C27,home_furnishing,2026-07-20,0.4571428571428571,False,60.5,-0.0638750132851524,26,1,Chanderi,Madhya Pradesh,cotton-silk,saree,2.86646858031144,1.6057854008399122,3.0,0.0,4.0,2.2432954660393793,0.6925451598338741,2.1644318220131264,1.1117100955934174,5527.039487847222,1.0,0.0,4.0,1.88413405418396,2.78176835115981,0.0,6.818018183660293,2.78176835115981,2.78176835115981,5527.039487847222
C28,home_furnishing,2026-06-29,0.0,True,52.8,-0.0947897049591964,27,1,Maheshwar,Madhya Pradesh,cotton-silk,saree,4.0,4.0,3.0,5.0,5.0,3.75,0.4330127018922193,3.3333333333333335,1.178511301977579,5000.8025,1.0,0.0,5.0,3.015343189239502,3.8573133644238524,0.0,7.893563196924335,3.8573133644238524,3.8573133644238524,5000.8025
C28,home_furnishing,2026-07-06,0.0571428571428571,False,55.0,-0.0914826498422712,27,1,Maheshwar,Madhya Pradesh,cotton-silk,saree,3.8573133644238524,4.0,4.0,3.0,2.0,3.964328341105963,0.06178512559473813,3.3214427803686544,1.1724291262234923,4984.936041666667,1.0,0.0,2.0,3.3879687786102295,2.7991373447115606,0.0,6.835387177212043,2.7991373447115606,2.7991373447115606,4984.936041666667
C28,home_furnishing,2026-07-13,0.2571428571428571,False,64.8,-0.0778012684989428,27,1,Maheshwar,Madhya Pradesh,cotton-silk,saree,2.7991373447115606,3.8573133644238524,4.0,2.0,0.0,3.6641126772838533,0.502779628314622,3.138037559094618,1.0624923371668644,4969.737378472221,1.0,0.0,0.0,3.3283445835113525,1.9163287342930175,0.0,5.9525785667935,1.9163287342930175,1.9163287342930175,4969.737378472221
C28,home_furnishing,2026-07-20,0.4571428571428571,False,60.5,-0.0638750132851524,27,1,Maheshwar,Madhya Pradesh,cotton-silk,saree,1.9163287342930175,2.7991373447115606,4.0,2.0,1.0,3.1431948608571076,0.8467077935339758,3.0477316202857025,1.115135856160101,4994.2621600115735,1.0,0.0,1.0,3.341158390045166,2.347946098069454,0.0,6.384195930569937,2.347946098069454,2.347946098069454,4994.2621600115735
C29,home_furnishing,2026-06-29,0.0,True,52.8,-0.0947897049591964,28,1,Paithan Paithani,Maharashtra,silk,saree,1.0,2.0,0.0,1.0,1.0,0.75,0.82915619758885,1.5833333333333333,1.3202482931462383,20343.855000000003,0.9473684210526315,0.0,1.0,0.7721035480499268,0.8687862664584399,0.0,4.905036098958923,0.8687862664584399,0.823060673486943,20343.855000000003
C29,home_furnishing,2026-07-06,0.0571428571428571,False,55.0,-0.0914826498422712,28,1,Paithan Paithani,Maharashtra,silk,saree,0.8687862664584399,1.0,0.0,4.0,2.0,0.96719656661461,0.7093857876540869,1.5723988555382034,1.3255669116146929,20413.43041666667,0.9445790747637859,0.04572559297149681,2.0,1.0401726961135864,1.4473695267284947,0.0,5.483619359228977,1.4473695267284947,1.3671549683985003,20413.43041666667
C29,home_furnishing,2026-07-13,0.2571428571428571,False,64.8,-0.0778012684989428,28,1,Paithan Paithani,Maharashtra,silk,saree,1.4473695267284947,0.8687862664584399,2.0,2.0,1.0,1.3290389482967337,0.4428007507136564,1.3596796494322445,1.1054758829996687,20390.152118055557,0.9922812608007778,0.12594015130149216,1.0,0.8753490447998047,0.9282309264519722,0.0,4.964480758952455,0.9282309264519722,0.9210661540140371,20390.152118055557
C29,home_furnishing,2026-07-20,0.4571428571428571,False,60.5,-0.0638750132851524,28,1,Paithan Paithani,Maharashtra,silk,saree,0.9282309264519722,1.4473695267284947,1.0,2.0,1.0,1.0610966799097268,0.22780261195230436,1.2703655599699089,1.0933639568254108,20415.406461226852,0.9912685943890448,0.13310492373942662,1.0,0.8235125541687012,0.8983855321459246,0.0,4.934635364646407,0.8983855321459246,0.8905413636697448,20415.406461226852
C30,home_furnishing,2026-06-29,0.0,True,52.8,-0.0947897049591964,29,1,Solapur,Maharashtra,cotton,home_furnishing,51.0,52.0,57.0,57.0,46.0,54.25,2.7726341266023544,54.0,6.244997998398398,1790.2925000000002,0.9459876543209876,14.0,46.0,51.091339111328125,48.93139102345431,44.89514119095383,52.96764085595479,48.93139102345431,46.28849181694057,1790.2925000000002
C30,home_furnishing,2026-07-06,0.0571428571428571,False,55.0,-0.0914826498422712,29,1,Solapur,Maharashtra,cotton,home_furnishing,48.93139102345431,51.0,57.0,57.0,64.0,52.232847755863574,2.9664578516007087,53.8276159186212,6.35304521272388,1798.9177083333334,0.9432712208823688,10.642899206513732,64.0,55.606815338134766,59.16753733389249,55.13128750139201,63.20378716639297,59.16753733389249,55.81103517754391,1798.9177083333334
C30,home_furnishing,2026-07-13,0.2571428571428571,False,64.8,-0.0778012684989428,29,1,Solapur,Maharashtra,cotton,home_furnishing,59.16753733389249,48.93139102345431,52.0,58.0,66.0,52.774732089336695,3.853216618705968,55.591577363112236,4.330096390584517,1791.6316840277777,0.9445368598418092,11.9994013628623,66.0,54.81009292602539,59.55729554981845,55.52104571731797,63.59354538231893,59.55729554981845,56.25406091929608,1791.6316840277777
C30,home_furnishing,2026-07-20,0.4571428571428571,False,60.5,-0.0638750132851524,29,1,Solapur,Maharashtra,cotton,home_furnishing,59.55729554981845,59.16753733389249,51.0,50.0,58.0,54.66405597679132,4.756939444671204,55.97135199226378,4.459475200378554,1782.8809910300927,0.9474394269913529,11.302635993384712,58.0,57.12458038330078,57.495968123506415,53.459718291005935,61.532217956006896,57.495968123506415,54.47394709324801,1782.8809910300927
C31,home_furnishing,2026-06-29,0.0,True,52.8,-0.0947897049591964,30,1,Kota Doria,Rajasthan,cotton-silk,saree,2.0,3.0,4.0,2.0,4.0,2.75,0.82915619758885,3.75,2.3139072294858036,4178.944166666666,0.9555555555555556,1.0,4.0,3.447711944580078,3.682014453836552,0.0,7.7182642863370345,3.682014453836552,3.518369366999372,4178.944166666666
C31,home_furnishing,2026-07-06,0.0571428571428571,False,55.0,-0.0914826498422712,30,1,Kota Doria,Rajasthan,cotton-silk,saree,3.682014453836552,2.0,2.0,5.0,6.0,2.670503613459138,0.7125433741653959,3.8068345378197126,2.3031384395033836,4212.9845138888895,0.9526368284607145,1.1636450868371782,6.0,3.300891637802124,4.445960512299608,0.4097106797991259,8.482210344800091,4.445960512299608,4.235385721898672,4212.9845138888895
C31,home_furnishing,2026-07-13,0.2571428571428571,False,64.8,-0.0778012684989428,30,1,Kota Doria,Rajasthan,cotton-silk,saree,4.445960512299608,3.682014453836552,3.0,3.0,6.0,3.28199374153404,0.8997032340325126,4.177331247178013,1.998387665331539,4243.012390046296,0.9526368284607146,1.3742198772381151,6.0,3.9546701908111572,4.8223802595824985,0.786130427082016,8.858630092082981,4.8223802595824985,4.593977036120229,4243.012390046296
C31,home_furnishing,2026-07-20,0.4571428571428571,False,60.5,-0.0638750132851524,30,1,Kota Doria,Rajasthan,cotton-silk,saree,4.8223802595824985,4.445960512299608,2.0,8.0,5.0,3.737588806429665,1.0840740679730263,4.162529602143221,1.992889744788046,4259.499255883487,0.9478958039649671,0.6026231007003862,5.0,3.267613410949707,4.0025605473822115,0.0,8.038810379882694,4.0025605473822115,3.79401034797932,4259.499255883487
C32,home_furnishing,2026-06-29,0.0,True,52.8,-0.0947897049591964,31,1,Balaramapuram,Kerala,cotton,saree,4.0,5.0,8.0,12.0,9.0,6.0,1.5811388300841898,7.5,2.958039891549808,3225.6858333333334,0.9555555555555556,0.0,9.0,7.245723724365234,7.989957334483432,3.953707501982949,12.026207166983914,7.989957334483432,7.6348481196175015,3225.6858333333334
C32,home_furnishing,2026-07-06,0.0571428571428571,False,55.0,-0.0914826498422712,31,1,Balaramapuram,Kerala,cotton,saree,7.989957334483432,4.0,7.0,14.0,9.0,5.997489333620858,1.577965856671314,7.415829777873619,2.928381843756327,3211.192152777778,0.9510606663345558,0.35510921486593006,9.0,8.289931297302246,8.591170618257824,4.554920785757341,12.627420450758306,8.591170618257824,8.170724452794143,3211.192152777778
C32,home_furnishing,2026-07-13,0.2571428571428571,False,64.8,-0.0778012684989428,31,1,Balaramapuram,Kerala,cotton,saree,8.591170618257824,7.989957334483432,5.0,4.0,9.0,6.395281988185314,1.9396587306309903,7.381760662728438,2.9120860938684237,3215.5831655092593,0.9460883430737368,0.7755553803296102,9.0,7.320291042327881,8.03289023715189,3.996640404651407,12.069140069652372,8.03289023715189,7.599823814560228,3215.5831655092593
C32,home_furnishing,2026-07-20,0.4571428571428571,False,60.5,-0.0638750132851524,31,1,Balaramapuram,Kerala,cotton,saree,8.03289023715189,8.591170618257824,4.0,6.0,10.0,7.153504547473286,1.8360587625487574,7.551168182491096,2.8857879530240056,3200.089262635031,0.9645902271302306,1.2086218029212716,10.0,6.7179975509643555,8.110353227768307,4.074103395267825,12.14660306026879,8.110353227768307,7.8231674620794305,3200.089262635031
C33,home_furnishing,2026-06-29,0.0,True,52.8,-0.0947897049591964,32,1,Srinagar Pashmina,Jammu & Kashmir,wool,shawl_wrap,1.0,0.0,0.0,1.0,0.0,0.25,0.4330127018922193,0.5,0.6454972243679028,24785.394166666665,1.0,0.0,0.0,0.388757586479187,0.22383119143827304,0.0,4.260081023938755,0.22383119143827304,0.22383119143827304,24785.394166666665
C33,home_furnishing,2026-07-06,0.0571428571428571,False,55.0,-0.0914826498422712,32,1,Srinagar Pashmina,Jammu & Kashmir,wool,shawl_wrap,0.22383119143827304,1.0,0.0,1.0,0.0,0.3059577978595683,0.4109926112402664,0.5186525992865227,0.6339094426191515,24881.12534722222,1.0,0.0,0.0,0.44325584173202515,0.2552091241881538,0.0,4.291458956688636,0.2552091241881538,0.2552091241881538,24881.12534722222
C33,home_furnishing,2026-07-13,0.2571428571428571,False,64.8,-0.0778012684989428,32,1,Srinagar Pashmina,Jammu & Kashmir,wool,shawl_wrap,0.2552091241881538,0.22383119143827304,0.0,0.0,1.0,0.3697600789066067,0.3769423150554609,0.5399200263022023,0.6202867939982488,24790.292459490738,1.0,0.0,1.0,0.34894686937332153,0.6251494427734111,0.0,4.661399275273894,0.6251494427734111,0.6251494427734111,24790.292459490738
C33,home_furnishing,2026-07-20,0.4571428571428571,False,60.5,-0.0638750132851524,32,1,Srinagar Pashmina,Jammu & Kashmir,wool,shawl_wrap,0.6251494427734111,0.2552091241881538,1.0,0.0,0.0,0.5260474395999595,0.3158877531223614,0.42534914653331984,0.441114230070661,24729.870997781632,1.0,0.0,0.0,0.37960153818130493,0.21855950216285092,0.0,4.254809334663333,0.21855950216285092,0.21855950216285092,24729.870997781632
C34,home_furnishing,2026-06-29,0.0,True,52.8,-0.0947897049591964,33,1,Bhagalpur Tussar,Bihar,silk,saree,2.0,2.0,3.0,6.0,2.0,3.0,1.224744871391589,3.3333333333333335,1.8408935028645437,6197.048333333332,0.975,0.0,2.0,2.770369291305542,2.443548067786991,0.0,6.4797979002874735,2.443548067786991,2.3824593660923163,6197.048333333332
C34,home_furnishing,2026-07-06,0.0571428571428571,False,55.0,-0.0914826498422712,33,1,Bhagalpur Tussar,Bihar,silk,saree,2.443548067786991,2.0,5.0,3.0,1.0,2.860887016946748,1.2482216414411038,3.2869623389822493,1.8556550987215095,6171.451527777778,0.973098548338727,0.06108870169467551,1.0,3.251011848449707,2.296043296655104,0.0,6.332293129155587,2.296043296655104,2.234276398897947,6171.451527777778
C34,home_furnishing,2026-07-13,0.2571428571428571,False,64.8,-0.0778012684989428,33,1,Bhagalpur Tussar,Bihar,silk,saree,2.296043296655104,2.443548067786991,2.0,4.0,4.0,2.1848978411105238,0.19211173528878,2.8949659470368414,1.490883629643435,6168.219155092593,0.9964635277898639,0.12285559945183167,4.0,2.7676243782043457,3.2904470206634238,0.0,7.326696853163906,3.2904470206634238,3.2788104462159224,6168.219155092593
C34,home_furnishing,2026-07-20,0.4571428571428571,False,60.5,-0.0638750132851524,33,1,Bhagalpur Tussar,Bihar,silk,saree,3.2904470206634238,2.296043296655104,2.0,0.0,0.0,2.5075095962763796,0.4794178954264865,2.91916986542546,1.4947449932177954,6165.164084683642,0.9961606615322318,0.1344921738993321,0.0,2.5324838161468506,1.458103686155695,0.0,5.494353518656178,1.458103686155695,1.4525055325834428,6165.164084683642
C01,saree,2026-06-29,0.0,True,52.8,-0.0947897049591964,0,2,Patan Patola,Gujarat,silk,saree,3.0,0.0,2.0,3.0,3.0,1.75,1.0897247358851685,2.3333333333333335,1.4337208778404378,44317.185,0.9642857142857143,0.0,3.0,2.3162355422973633,2.6059809644982908,0.0,12.058515515281716,2.6059809644982908,2.512910215766209,44317.185
C01,saree,2026-07-06,0.0571428571428571,False,55.0,-0.0914826498422712,0,2,Patan Patola,Gujarat,silk,saree,2.6059809644982908,3.0,2.0,0.0,1.0,1.9014952411245727,1.1541663852376154,2.300498413708191,1.4225452942302812,44563.10541666666,0.9604045677587844,0.09307074873208165,1.0,2.089630126953125,1.627898988956208,0.0,11.080433539739634,1.627898988956208,1.563441624843449,44563.10541666666
C01,saree,2026-07-13,0.2571428571428571,False,64.8,-0.0778012684989428,0,2,Patan Patola,Gujarat,silk,saree,1.627898988956208,2.6059809644982908,0.0,2.0,4.0,1.8084699883636248,1.157468909984667,2.0194899961212083,1.1726435154658197,44341.34753472222,0.9934996742928742,0.15752811284484114,4.0,2.4679036140441895,3.117129980229981,0.0,12.569664531013407,3.117129980229981,3.0968676200870395,44341.34753472222
C01,saree,2026-07-20,0.4571428571428571,False,60.5,-0.0638750132851524,0,2,Patan Patola,Gujarat,silk,saree,3.117129980229981,1.627898988956208,3.0,4.0,1.0,2.58775248342112,0.5856277737206359,2.1959174944737065,1.1652269989431412,44218.11149594907,0.9932529920699352,0.17779047298778217,1.0,2.4378714561462402,1.8285729361097727,0.0,11.281107486893198,1.8285729361097727,1.8162355400091381,44218.11149594907
C02,saree,2026-06-29,0.0,True,52.8,-0.0947897049591964,1,2,Surendranagar Tangaliya,Gujarat,wool,shawl_wrap,6.0,5.0,11.0,4.0,10.0,7.25,2.277608394786075,6.333333333333333,2.592724864350674,4496.850833333334,0.9736842105263158,1.0,10.0,5.662625789642334,7.500589590869977,0.0,16.953124141653404,7.500589590869977,7.303205654268136,4496.850833333334
C02,saree,2026-07-06,0.0571428571428571,False,55.0,-0.0914826498422712,1,2,Surendranagar Tangaliya,Gujarat,wool,shawl_wrap,7.500589590869977,6.0,7.0,2.0,2.0,6.375147397717495,0.9603159428243515,6.291715799239165,2.5695426283990437,4491.8225694444445,0.9708958042776985,1.1973839366018417,2.0,4.98576545715332,3.720546326164118,0.0,13.173080876947544,3.720546326164118,3.612262817693548,4491.8225694444445
C02,saree,2026-07-13,0.2571428571428571,False,64.8,-0.0778012684989428,1,2,Surendranagar Tangaliya,Gujarat,wool,shawl_wrap,3.720546326164118,7.500589590869977,5.0,5.0,2.0,5.555283979258524,1.3835270881857256,6.268427993086174,2.5913805059871717,4518.931950231482,0.9693481437502425,1.3056674450724124,2.0,5.266775608062744,3.8824783297659686,0.0,13.335012880549394,3.8824783297659686,3.7634731621091833,4518.931950231482
C02,saree,2026-07-20,0.4571428571428571,False,60.5,-0.0638750132851524,1,2,Surendranagar Tangaliya,Gujarat,wool,shawl_wrap,3.8824783297659686,3.720546326164118,6.0,10.0,12.0,5.275903561700016,1.5679854581171229,6.175301187233338,2.654599940360709,4504.544612750772,0.9807745866755654,0.42467261272919643,12.0,6.9073262214660645,9.065348472360279,0.0,18.517883023143703,9.065348472360279,8.89106340104912,4504.544612750772
C03,saree,2026-06-29,0.0,True,52.8,-0.0947897049591964,2,2,Kutch Weaves (Bhujodi),Gujarat,wool/cotton,shawl_wrap,9.0,4.0,8.0,4.0,11.0,7.0,1.8708286933869707,8.25,2.832107577994405,3272.4325000000003,0.9191919191919192,2.0,11.0,6.2599382400512695,8.268541027785083,0.0,17.72107557856851,8.268541027785083,7.600376096246896,3272.4325000000003
C03,saree,2026-07-06,0.0571428571428571,False,55.0,-0.0914826498422712,2,2,Kutch Weaves (Bhujodi),Gujarat,wool/cotton,shawl_wrap,8.268541027785083,9.0,7.0,10.0,6.0,7.067135256946271,1.9099193548598503,8.105711752315424,2.782954284399235,3260.275208333333,0.9314458214230497,2.668164931538186,6.0,5.907314777374268,5.9465901720792065,0.0,15.399124722862632,5.9465901720792065,5.53892656749855,3260.275208333333
C03,saree,2026-07-13,0.2571428571428571,False,64.8,-0.0778012684989428,2,2,Kutch Weaves (Bhujodi),Gujarat,wool/cotton,shawl_wrap,5.9465901720792065,8.268541027785083,4.0,6.0,2.0,6.803782799966072,1.9726165267467428,7.851260933322025,2.828767789537975,3261.161475694444,0.9248971110478159,2.0758285361188413,2.0,6.358677387237549,4.511686357540002,0.0,13.964220908323428,4.511686357540002,4.1728456780425915,3261.161475694444
C03,saree,2026-07-20,0.4571428571428571,False,60.5,-0.0638750132851524,2,2,Kutch Weaves (Bhujodi),Gujarat,wool/cotton,shawl_wrap,4.511686357540002,5.9465901720792065,9.0,8.0,5.0,6.931704389351072,1.7952657342473741,6.977234796450358,1.9770422844507485,3261.0032653356484,0.9114421229430741,2.41466921561625,5.0,7.554165363311768,6.471836919317685,0.0,15.92437147010111,6.471836919317685,5.898704781084276,3261.0032653356484
C04,saree,2026-06-29,0.0,True,52.8,-0.0947897049591964,3,2,Ahmedabad Ashavali,Gujarat,silk,saree,2.0,5.0,3.0,2.0,3.0,3.0,1.224744871391589,2.1666666666666665,1.0671873729054748,37889.79,1.0,0.0,3.0,2.418349266052246,2.6648239629784554,0.0,12.117358513761882,2.6648239629784554,2.6648239629784554,37889.79
C04,saree,2026-07-06,0.0571428571428571,False,55.0,-0.0914826498422712,3,2,Ahmedabad Ashavali,Gujarat,silk,saree,2.6648239629784554,2.0,2.0,2.0,1.0,2.916205990744614,1.2333143589374427,2.222068663581538,1.074329907648317,37897.4475,1.0,0.0,1.0,2.273531198501587,1.7338719187026799,0.0,11.186406469486105,1.7338719187026799,1.7338719187026799,37897.4475
C04,saree,2026-07-13,0.2571428571428571,False,64.8,-0.0778012684989428,3,2,Ahmedabad Ashavali,Gujarat,silk,saree,1.7338719187026799,2.6648239629784554,5.0,1.0,2.0,2.849673970420284,1.2869568401238534,2.283224656806761,1.0226689176987536,37804.438125,1.0,0.0,2.0,2.3597464561462402,2.2073037726356115,0.0,11.659838323419038,2.2073037726356115,2.2073037726356115,37804.438125
C04,saree,2026-07-20,0.4571428571428571,False,60.5,-0.0638750132851524,3,2,Ahmedabad Ashavali,Gujarat,silk,saree,2.2073037726356115,1.7338719187026799,2.0,2.0,2.0,2.151499913579187,0.3405807599881138,2.217166637859729,0.9995771492804154,37685.35713541667,1.0,0.0,2.0,2.3897783756256104,2.224609655990948,0.0,11.677144206774374,2.224609655990948,2.224609655990948,37685.35713541667
C05,saree,2026-06-29,0.0,True,52.8,-0.0947897049591964,4,2,Surat Mashru,Gujarat,silk-cotton,yardage_fabric,11.0,7.0,12.0,13.0,8.0,11.5,3.2015621187164243,12.583333333333334,2.4986107250941583,1228.9583333333335,0.9470198675496688,3.0,8.0,8.450413703918457,8.25955074323545,0.0,17.712085294018877,8.25955074323545,7.821958650878604,1228.9583333333335
C05,saree,2026-07-06,0.0571428571428571,False,55.0,-0.0914826498422712,4,2,Surat Mashru,Gujarat,silk-cotton,yardage_fabric,8.25955074323545,11.0,16.0,10.0,13.0,10.564887685808863,3.455168998220576,12.18829589526962,2.7623283734367674,1226.8090277777778,0.9491479903051675,3.4375920923568444,13.0,9.231776237487793,10.828562342289239,1.3760277915058126,20.281096893072664,10.828562342289239,10.277908185078047,1226.8090277777778
C05,saree,2026-07-13,0.2571428571428571,False,64.8,-0.0778012684989428,4,2,Surat Mashru,Gujarat,silk-cotton,yardage_fabric,10.828562342289239,8.25955074323545,7.0,14.0,9.0,9.272028271381172,1.7026382337242818,11.840676090460391,2.6466742894073927,1215.531446759259,0.943779630286456,1.9882462495680429,9.0,9.436227798461914,9.251376120055289,0.0,18.703910670838717,9.251376120055289,8.731260334226727,1215.531446759259
C05,saree,2026-07-20,0.4571428571428571,False,60.5,-0.0638750132851524,4,2,Surat Mashru,Gujarat,silk-cotton,yardage_fabric,9.251376120055289,10.828562342289239,11.0,16.0,15.0,9.834872301394995,1.1365571099453424,11.694957433798331,2.7355917771632288,1210.876567322531,0.9393730012588766,1.5083620353966012,15.0,11.014883995056152,12.703578261575462,3.251043710792036,22.156112812358888,12.703578261575462,11.933398438303163,1210.876567322531
C06,saree,2026-06-29,0.0,True,52.8,-0.0947897049591964,5,2,Varanasi Banarasi,Uttar Pradesh,silk,saree,11.0,28.0,24.0,9.0,16.0,22.0,6.519202405202649,19.75,5.3091901453988255,8391.133333333333,0.9451476793248945,10.0,16.0,16.910892486572266,16.52490148465869,7.072366933875266,25.977436035442118,16.52490148465869,15.618472289297667,8391.133333333333
C06,saree,2026-07-06,0.0571428571428571,False,55.0,-0.0914826498422712,5,2,Varanasi Banarasi,Uttar Pradesh,silk,saree,16.52490148465869,11.0,25.0,19.0,18.0,20.131225371164675,6.745506454284551,19.793741790388225,5.2801972840584614,8377.672777777778,0.9414527524969452,7.906429195361028,18.0,17.733644485473633,17.846512725614815,8.393978174831389,27.29904727639824,17.846512725614815,16.801648528001827,8377.672777777778
C06,saree,2026-07-13,0.2571428571428571,False,64.8,-0.0778012684989428,5,2,Varanasi Banarasi,Uttar Pradesh,silk,saree,17.846512725614815,16.52490148465869,28.0,21.0,7.0,18.34285355256838,6.138592667283873,19.614284517522794,5.306666404401125,8421.452175925928,0.9364778707595435,5.951293392974009,7.0,17.742109298706055,13.190136818972864,3.7376022681894376,22.64267136975629,13.190136818972864,12.352271243258766,8421.452175925928
C06,saree,2026-07-20,0.4571428571428571,False,60.5,-0.0638750132851524,5,2,Varanasi Banarasi,Uttar Pradesh,silk,saree,13.190136818972864,17.846512725614815,11.0,23.0,16.0,14.640387757311593,2.7012163976935226,18.880129252437197,5.5305117890180595,8403.442357253085,0.9347234387233737,4.789158968688113,16.0,18.605680465698242,17.50152247949478,8.048987928711355,26.954057030278207,17.50152247949478,16.359083274927787,8403.442357253085
C07,saree,2026-06-29,0.0,True,52.8,-0.0947897049591964,6,2,Mubarakpur Azamgarh,Uttar Pradesh,silk,saree,28.0,33.0,43.0,40.0,21.0,38.5,8.558621384311845,37.0,6.6332495807108,5964.294999999999,0.9572072072072072,10.0,21.0,27.74199867248535,24.885074435152582,15.432539884369156,34.33760898593601,24.885074435152582,23.820172601215873,5964.294999999999
C07,saree,2026-07-06,0.0571428571428571,False,55.0,-0.0914826498422712,6,2,Mubarakpur Azamgarh,Uttar Pradesh,silk,saree,24.885074435152582,28.0,50.0,38.0,17.0,33.971268608788144,9.696372595993632,36.40708953626272,7.334580808435724,5967.8654166666665,0.956361746029924,8.064901833936702,17.0,27.130638122558594,22.837776762306248,13.385242211522822,32.290311313089674,22.837776762306248,21.841176059840826,5967.8654166666665
C07,saree,2026-07-13,0.2571428571428571,False,64.8,-0.0778012684989428,6,2,Mubarakpur Azamgarh,Uttar Pradesh,silk,saree,22.837776762306248,24.885074435152582,33.0,25.0,33.0,27.180712799364706,3.8296992036524915,35.31023759978824,8.241543265908158,5959.053368055556,0.9550142210113673,7.0615025364021164,33.0,33.34992980957031,33.20164693339494,23.749112382611514,42.654181484178366,33.20164693339494,31.70804498239062,5959.053368055556
C07,saree,2026-07-20,0.4571428571428571,False,60.5,-0.0638750132851524,6,2,Mubarakpur Azamgarh,Uttar Pradesh,silk,saree,33.20164693339494,22.837776762306248,28.0,40.0,30.0,27.23112453271344,3.906525403515311,35.077041510904486,8.25830007873513,5972.557815393518,0.9559182120076123,4.555104487406439,30.0,32.62050247192383,31.51006365552611,22.057529104742684,40.962598206309536,31.51006365552611,30.121043709836567,5972.557815393518
C08,saree,2026-06-29,0.0,True,52.8,-0.0947897049591964,7,2,Shantipur-Fulia Tant,West Bengal,cotton,saree,35.0,43.0,42.0,39.0,28.0,43.0,6.041522986797286,43.0,6.429100507328637,2229.055,0.9282945736434108,12.0,28.0,34.725032806396484,31.875297860606363,22.422763309822937,41.32783241138979,31.875297860606363,29.58966603726831,2229.055
C08,saree,2026-07-06,0.0571428571428571,False,55.0,-0.0914826498422712,7,2,Shantipur-Fulia Tant,West Bengal,cotton,saree,31.875297860606363,35.0,52.0,51.0,41.0,40.46882446515159,7.796338873749795,41.9062748217172,7.079337189448554,2220.77375,0.9238665490505948,13.285631823338065,41.0,37.354488372802734,38.899275168404245,29.44674061762082,48.35180971918767,38.899275168404245,35.93773911040313,2220.77375
C08,saree,2026-07-13,0.2571428571428571,False,64.8,-0.0778012684989428,7,2,Shantipur-Fulia Tant,West Bengal,cotton,saree,38.899275168404245,31.875297860606363,43.0,43.0,32.0,37.19364325725265,4.1749199794279,40.564547752417546,5.897724208198465,2207.4390625,0.9193730115418332,12.24716788133918,32.0,35.947288513183594,34.27462365920161,24.822089108418183,43.727158209985035,34.27462365920161,31.511163973023148,2207.4390625
C08,saree,2026-07-20,0.4571428571428571,False,60.5,-0.0638750132851524,7,2,Shantipur-Fulia Tant,West Bengal,cotton,saree,34.27462365920161,38.899275168404245,35.0,38.0,40.0,35.012299172053055,2.524563133302593,40.587433057351014,5.872686658663334,2210.4031510416667,0.9199041332317596,10.010627567517645,40.0,41.90636444091797,41.09854185876962,31.646007307986196,50.55107640955305,41.09854185876962,37.80671852568066,2210.4031510416667
C09,saree,2026-06-29,0.0,True,52.8,-0.0947897049591964,8,2,Murshidabad Silk,West Bengal,silk,saree,22.0,20.0,39.0,35.0,19.0,28.25,7.693341276714559,28.75,5.277704677856337,7062.370833333333,0.9565217391304348,5.0,19.0,22.57306671142578,21.05897847359524,11.606443922811813,30.511513024378665,21.05897847359524,20.143370713873708,7062.370833333333
C09,saree,2026-07-06,0.0571428571428571,False,55.0,-0.0914826498422712,8,2,Murshidabad Silk,West Bengal,silk,saree,21.05897847359524,22.0,32.0,30.0,18.0,23.764744618398808,4.806980009332442,28.004914872799603,5.665520643611956,7108.699236111111,0.955616100996708,4.915607759721524,18.0,19.655893325805664,18.954207964128216,9.50167341334479,28.40674251491164,18.954207964128216,18.112946312160958,7108.699236111111
C09,saree,2026-07-13,0.2571428571428571,False,64.8,-0.0778012684989428,8,2,Murshidabad Silk,West Bengal,silk,saree,18.954207964128216,21.05897847359524,20.0,27.0,22.0,20.503296609430862,1.14038222556875,26.83443220314362,5.95610019166227,7098.93833912037,0.9572785525839037,3.7568694116887826,22.0,24.269695281982422,23.307911131991624,13.855376581208198,32.76044568277505,23.307911131991624,22.312163432187198,7098.93833912037
C09,saree,2026-07-20,0.4571428571428571,False,60.5,-0.0638750132851524,8,2,Murshidabad Silk,West Bengal,silk,saree,23.307911131991624,18.954207964128216,22.0,24.0,40.0,21.33027439242877,1.5873620105680155,26.610091464142922,6.0335014880454745,7096.449867380401,0.9538000551051208,4.752617111493208,40.0,26.913484573364258,32.458899949544175,23.00636539876075,41.9114345003276,32.458899949544175,30.959300560526838,7096.449867380401
C10,saree,2026-06-29,0.0,True,52.8,-0.0947897049591964,9,2,Bishnupur Baluchari,West Bengal,silk,saree,11.0,10.0,18.0,9.0,12.0,12.75,3.112474899497183,12.916666666666666,2.5644470922381863,11983.75,0.9290322580645162,2.0,12.0,9.086079597473145,10.32085436205621,0.8683198112727837,19.773388912839636,10.32085436205621,9.588406633136092,11983.75
C10,saree,2026-07-06,0.0571428571428571,False,55.0,-0.0914826498422712,9,2,Bishnupur Baluchari,West Bengal,silk,saree,10.32085436205621,11.0,12.0,15.0,9.0,10.830213590514052,0.7658213071849005,12.776737863504684,2.65486455351624,12004.135833333332,0.9234778088229617,2.732447728920121,9.0,9.326204299926758,9.187975116556217,0.0,18.640509667339643,9.187975116556217,8.484891128157232,12004.135833333332
C10,saree,2026-07-13,0.2571428571428571,False,64.8,-0.0778012684989428,9,2,Bishnupur Baluchari,West Bengal,silk,saree,9.187975116556217,10.32085436205621,10.0,14.0,9.0,10.127207369653107,0.6514608724639835,12.292402456551036,2.734060223357801,11936.442152777776,0.9292548672902854,2.435531717319101,9.0,9.942353248596191,9.543030738042912,0.09049618725948605,18.995565288826338,9.543030738042912,8.86790776202718,11936.442152777776
C10,saree,2026-07-20,0.4571428571428571,False,60.5,-0.0638750132851524,9,2,Bishnupur Baluchari,West Bengal,silk,saree,9.543030738042912,9.187975116556217,11.0,10.0,16.0,10.012965054163836,0.7018690171317772,11.837655018054612,2.699497503468322,11958.666498842591,0.9288242006974479,2.110654693334837,16.0,10.688459396362305,12.939226539055275,3.486691988271849,22.391761089838703,12.939226539055275,12.01826674778122,11958.666498842591
C11,saree,2026-06-29,0.0,True,52.8,-0.0947897049591964,10,2,Nadia Jamdani,West Bengal,cotton,saree,17.0,7.0,5.0,14.0,7.0,10.25,4.656984002549289,10.583333333333334,3.4751099103321743,9536.147500000001,0.889763779527559,5.0,7.0,6.8428521156311035,6.90944358523956,0.0,16.361978136022987,6.90944358523956,6.1477726388352,9536.147500000001
C11,saree,2026-07-06,0.0571428571428571,False,55.0,-0.0914826498422712,10,2,Nadia Jamdani,West Bengal,cotton,saree,6.90944358523956,17.0,12.0,14.0,8.0,10.72736089630989,4.166393028114786,10.57578696543663,3.482972525946961,9517.454791666667,0.883683431828384,4.761670946404358,8.0,8.23175048828125,8.133546139816088,0.0,17.586080690599516,8.133546139816088,7.187479965767187,9517.454791666667
C11,saree,2026-07-13,0.2571428571428571,False,64.8,-0.0778012684989428,10,2,Nadia Jamdani,West Bengal,cotton,saree,8.133546139816088,6.90944358523956,7.0,8.0,9.0,9.760747431263912,4.207321647985363,10.420249143754637,3.546311192059225,9573.807690972222,0.8743813055414668,3.7077371204532596,9.0,9.85080337524414,9.490275154753782,0.037740603970355835,18.942809705537208,9.490275154753782,8.298119179761358,9573.807690972222
C11,saree,2026-07-20,0.4571428571428571,False,60.5,-0.0638750132851524,10,2,Nadia Jamdani,West Bengal,cotton,saree,9.490275154753782,8.133546139816088,17.0,8.0,9.0,10.383316219952357,3.9276991701554533,10.211105406650786,3.5208926717319295,9561.831665219906,0.8865622889500264,3.899893095445684,9.0,9.747252464294434,9.43060397764286,0.0,18.883138528426286,9.43060397764286,8.360817848600279,9561.831665219906
C12,saree,2026-06-29,0.0,True,52.8,-0.0947897049591964,11,2,Sambalpur Ikat,Odisha,cotton/silk,saree,35.0,40.0,44.0,42.0,30.0,43.25,6.977642868476432,42.0,5.446711546122731,4872.282499999999,0.9345238095238095,12.0,30.0,32.849422454833984,31.641978717587662,22.189444166804236,41.09451326837109,31.641978717587662,29.57018249203133,4872.282499999999
C12,saree,2026-07-06,0.0571428571428571,False,55.0,-0.0914826498422712,11,2,Sambalpur Ikat,Odisha,cotton/silk,saree,31.641978717587662,35.0,54.0,32.0,41.0,40.16049467939692,8.525747556501992,41.13683155979897,6.153236870494789,4862.976041666666,0.9350302494352803,8.07179622555634,41.0,33.76944351196289,36.8333942902952,27.380859739511777,46.28592884107863,36.8333942902952,34.440337850802756,4862.976041666666
C12,saree,2026-07-13,0.2571428571428571,False,64.8,-0.0778012684989428,11,2,Sambalpur Ikat,Odisha,cotton/silk,saree,36.8333942902952,31.641978717587662,40.0,43.0,32.0,35.868843251970716,3.025644029410972,40.70628108399024,6.257648092819188,4882.413211805556,0.9355855905871,9.464852665048767,32.0,36.150177001953125,34.39153808164463,24.939003530861207,43.84407263242806,34.39153808164463,32.176227467314234,4882.413211805556
C12,saree,2026-07-20,0.4571428571428571,False,60.5,-0.0638750132851524,11,2,Sambalpur Ikat,Odisha,cotton/silk,saree,34.39153808164463,36.8333942902952,35.0,41.0,51.0,34.46672777238187,1.8621459655404806,40.23890925746063,6.4977805503625,4888.856812789352,0.9323205576343166,9.680163279379173,51.0,41.15258026123047,45.32542773473921,35.87289318395578,54.777962285522634,45.32542773473921,42.25782806066598,4888.856812789352
C13,saree,2026-06-29,0.0,True,52.8,-0.0947897049591964,12,2,Berhampur Patta,Odisha,silk,saree,11.0,22.0,15.0,20.0,15.0,17.25,4.493050188902857,17.75,4.418238713937187,7956.285,0.9389671361502347,2.0,15.0,15.201316833496094,15.116008756627835,5.663474205844409,24.56854330741126,15.116008756627835,14.193435452232709,7956.285
C13,saree,2026-07-06,0.0571428571428571,False,55.0,-0.0914826498422712,12,2,Berhampur Patta,Odisha,silk,saree,15.116008756627835,11.0,21.0,10.0,18.0,17.27900218915696,4.478784827352323,17.343000729718984,4.417178860219589,7927.702916666666,0.9331018628140411,1.9225733043951294,18.0,13.504720687866211,15.409596829836929,5.957062279053503,24.862131380620355,15.409596829836929,14.378723507134179,7927.702916666666
C13,saree,2026-07-13,0.2571428571428571,False,64.8,-0.0778012684989428,12,2,Berhampur Patta,Odisha,silk,saree,15.409596829836929,15.116008756627835,22.0,26.0,18.0,15.88140139661619,3.9393449298963055,17.293800465538727,4.435115375107304,7945.331493055556,0.9327627711883283,2.9534466270978754,18.0,15.549667358398438,16.58799665114784,7.135462100364414,26.040531201931266,16.58799665114784,15.472665724787369,7945.331493055556
C13,saree,2026-07-20,0.4571428571428571,False,60.5,-0.0638750132851524,12,2,Berhampur Patta,Odisha,silk,saree,16.58799665114784,15.409596829836929,11.0,16.0,12.0,14.528400559403151,2.1102924459182493,17.00946685313438,4.361263927583894,7923.444950810185,0.9408722524067316,3.0687775534583466,12.0,16.308979034423828,14.483047698684466,5.03051314790104,23.935582249467892,14.483047698684466,13.626697709975383,7923.444950810185
C14,saree,2026-06-29,0.0,True,52.8,-0.0947897049591964,13,2,Nuapatna Sonepuri,Odisha,cotton,saree,27.0,28.0,27.0,17.0,28.0,28.25,1.6393596310755,25.75,4.437059837324712,4233.625833333333,0.9255663430420712,9.0,28.0,22.919178009033203,25.072178060902896,15.61964351011947,34.524712611686326,25.072178060902896,23.20596415992954,4233.625833333333
C14,saree,2026-07-06,0.0571428571428571,False,55.0,-0.0914826498422712,13,2,Nuapatna Sonepuri,Odisha,cotton,saree,25.072178060902896,27.0,31.0,27.0,18.0,27.768044515225725,2.14224928051049,25.256014838408575,4.145466263508559,4200.10298611111,0.9212523760720213,7.866213900973364,18.0,20.96759605407715,19.71007621383952,10.257541663056095,29.162610764622947,19.71007621383952,18.157954544560287,4200.10298611111
C14,saree,2026-07-13,0.2571428571428571,False,64.8,-0.0778012684989428,13,2,Nuapatna Sonepuri,Odisha,cotton,saree,19.71007621383952,25.072178060902896,28.0,23.0,31.0,24.945563568685607,3.2006503259355408,24.2318545228952,3.8612167085853417,4190.811568287037,0.9160253584553988,8.418335570252609,31.0,26.118589401245117,28.18708880764072,18.734554256857294,37.639623358424146,28.18708880764072,25.820088128833248,4190.811568287037
C14,saree,2026-07-20,0.4571428571428571,False,60.5,-0.0638750132851524,13,2,Nuapatna Sonepuri,Odisha,cotton,saree,28.18708880764072,19.71007621383952,27.0,21.0,27.0,24.992335770595787,3.2459899661737026,24.830778590198594,3.8708570086527,4197.999198977623,0.9235312733405587,7.78533624906008,27.0,24.949514389038086,25.818408366155953,16.365873815372527,35.270942916939376,25.818408366155953,23.844107554022543,4197.999198977623
C15,saree,2026-06-29,0.0,True,52.8,-0.0947897049591964,14,2,Pochampally Ikat,Telangana,cotton/silk,saree,39.0,37.0,33.0,37.0,40.0,37.0,2.449489742783178,37.0,4.618802153517006,4906.224166666666,0.9346846846846847,12.0,40.0,31.677404403686523,35.20410712667324,25.751572575889817,44.65664167745667,35.20410712667324,32.90473976930044,4906.224166666666
C15,saree,2026-07-06,0.0571428571428571,False,55.0,-0.0914826498422712,14,2,Pochampally Ikat,Telangana,cotton/silk,saree,35.20410712667324,39.0,39.0,44.0,27.0,37.55102678166831,1.5819852366570057,37.18367559388944,4.498336641906078,4916.767847222222,0.9365775282984141,10.299367357372802,27.0,24.38780975341797,25.49472626149159,16.042191710708163,34.94726081227502,25.49472626149159,23.87778770663246,4916.767847222222
C15,saree,2026-07-13,0.2571428571428571,False,64.8,-0.0778012684989428,14,2,Pochampally Ikat,Telangana,cotton/silk,saree,25.49472626149159,35.20410712667324,37.0,37.0,47.0,34.17470834704121,5.1881466660398745,35.974902782347066,5.431287933068913,4900.33683449074,0.9307009804093389,8.916305912231934,47.0,35.9312629699707,40.621644062273134,31.169109511489708,50.07417861305656,40.621644062273134,37.80660395459681,4900.33683449074
C15,saree,2026-07-20,0.4571428571428571,False,60.5,-0.0638750132851524,14,2,Pochampally Ikat,Telangana,cotton/silk,saree,40.621644062273134,25.49472626149159,39.0,44.0,37.0,35.080119362609494,5.873012303685551,37.11003978753649,4.826727287253259,4889.692404031636,0.9264993467012729,8.731346019908244,37.0,32.90991973876953,34.643092644696274,25.19055809391285,44.0956271954797,34.643092644696274,32.09680270302277,4889.692404031636
C16,saree,2026-06-29,0.0,True,52.8,-0.0947897049591964,15,2,Gadwal,Telangana,silk-cotton,saree,29.0,31.0,26.0,30.0,25.0,28.75,1.7853571071357126,28.083333333333332,2.1392496088322392,6629.277500000001,0.9287833827893175,11.0,25.0,24.360918045043945,24.631729241463674,15.179194690680248,34.0842637922471,24.631729241463674,22.877540808837182,6629.277500000001
C16,saree,2026-07-06,0.0571428571428571,False,55.0,-0.0914826498422712,15,2,Gadwal,Telangana,silk-cotton,saree,24.631729241463674,29.0,29.0,25.0,24.0,28.40793231036592,2.3280685569506416,27.63597743678864,2.2500944199538098,6671.858958333333,0.9283717861166086,10.754188432626492,24.0,22.16183853149414,22.940760080817093,13.488225530033667,32.39329463160052,22.940760080817093,21.29755441110076,6671.858958333333
C16,saree,2026-07-13,0.2571428571428571,False,64.8,-0.0778012684989428,15,2,Gadwal,Telangana,silk-cotton,saree,22.940760080817093,24.631729241463674,31.0,24.0,32.0,26.893122330570193,3.2419301258021926,27.047707443523397,2.467434955326682,6656.418871527778,0.9248322180561713,8.39739410234283,32.0,28.396377563476562,29.92341380024057,20.470879249457145,39.37594835102399,29.92341380024057,27.674137156689135,6656.418871527778
C16,saree,2026-07-20,0.4571428571428571,False,60.5,-0.0638750132851524,15,2,Gadwal,Telangana,silk-cotton,saree,29.92341380024057,22.940760080817093,29.0,27.0,27.0,26.623975780630335,2.918343130119085,27.29132526021011,2.591878959169477,6667.536277488427,0.9216885753337213,6.646670745894269,27.0,26.845178604125977,26.910784223441105,17.45824967265768,36.36331877422453,26.910784223441105,24.803362372016615,6667.536277488427
C17,saree,2026-06-29,0.0,True,52.8,-0.0947897049591964,16,2,Venkatagiri,Andhra Pradesh,cotton/silk,saree,34.0,38.0,37.0,34.0,41.0,36.0,1.5811388300841898,35.833333333333336,2.6087459737497545,4043.650833333333,0.9511627906976744,10.0,41.0,33.391170501708984,36.615414597174926,27.1628800463915,46.06794914795835,36.615414597174926,34.82721993080126,4043.650833333333
C17,saree,2026-07-06,0.0571428571428571,False,55.0,-0.0914826498422712,16,2,Venkatagiri,Andhra Pradesh,cotton/silk,saree,36.615414597174926,34.0,35.0,34.0,24.0,35.90385364929373,1.5282145336469815,35.63461788309791,2.445688144984177,4061.087569444444,0.9467086688447826,10.788194666373641,24.0,25.453044891357422,24.83731662297417,15.384782072190745,34.2898511737576,24.83731662297417,23.513702957812267,4061.087569444444
C17,saree,2026-07-13,0.2571428571428571,False,64.8,-0.0778012684989428,16,2,Venkatagiri,Andhra Pradesh,cotton/silk,saree,24.83731662297417,36.615414597174926,38.0,40.0,39.0,33.36318280503727,5.127694794533416,34.95439426834576,3.8282365299326173,4069.919866898148,0.9449000885885152,7.111808331535542,39.0,32.8322868347168,35.44585739246928,25.993322841685853,44.898391943252705,35.44585739246928,33.49279379024009,4069.919866898148
C17,saree,2026-07-20,0.4571428571428571,False,60.5,-0.0638750132851524,16,2,Venkatagiri,Andhra Pradesh,cotton/silk,saree,35.44585739246928,24.83731662297417,34.0,31.0,41.0,32.72464715315459,4.64703034868163,34.741549051051535,3.722531887491743,4091.391522472994,0.93987777215275,8.06487193376475,41.0,32.5426025390625,36.12642759816799,26.673893047384567,45.57896214895142,36.12642759816799,33.95442628680376,4091.391522472994
C18,saree,2026-06-29,0.0,True,52.8,-0.0947897049591964,17,2,Mangalagiri,Andhra Pradesh,cotton,saree,36.0,38.0,26.0,30.0,42.0,37.75,8.898735865278843,37.5,6.589132466923599,2555.5800000000004,0.9511111111111111,5.0,42.0,34.21063995361328,37.51138393041833,28.058849379634907,46.96391848120176,37.51138393041833,35.67749404937566,2555.5800000000004
C18,saree,2026-07-06,0.0571428571428571,False,55.0,-0.0914826498422712,17,2,Mangalagiri,Andhra Pradesh,cotton,saree,37.51138393041833,36.0,51.0,44.0,28.0,40.62784598260458,6.033582012997943,37.54261532753486,6.5874143688310465,2534.584166666667,0.9470959209218921,6.833889881042666,28.0,25.893264770507812,26.785994542666057,17.33345999188263,36.238529093449486,26.785994542666057,25.368906169195085,2534.584166666667
C18,saree,2026-07-13,0.2571428571428571,False,64.8,-0.0778012684989428,17,2,Mangalagiri,Andhra Pradesh,cotton,saree,26.785994542666057,37.51138393041833,38.0,46.0,41.0,34.5743446182711,4.55664912197264,36.7747815394237,7.228293601921349,2531.634513888889,0.9473122221234047,7.2509782545136545,41.0,35.87959671020508,38.049369350955374,28.596834800171948,47.5019039017388,38.049369350955374,36.044632630247705,2531.634513888889
C18,saree,2026-07-20,0.4571428571428571,False,60.5,-0.0638750132851524,17,2,Mangalagiri,Andhra Pradesh,cotton,saree,38.049369350955374,26.785994542666057,36.0,32.0,43.0,34.58668695600994,4.565968617070531,36.86222898533665,7.236831873661323,2542.1698900462966,0.94742650400479,7.255714975221309,43.0,35.09348678588867,38.44387445748095,28.991339906697526,47.89640900826438,38.44387445748095,36.42274557765022,2542.1698900462966
C19,saree,2026-06-29,0.0,True,52.8,-0.0947897049591964,18,2,Kanchipuram Kanjeevaram,Tamil Nadu,silk,saree,4.0,7.0,4.0,10.0,5.0,4.5,1.5,5.833333333333333,2.3746344747958346,15003.715833333335,0.9714285714285714,0.0,5.0,4.500808238983154,4.71234091800104,0.0,14.164875468784466,4.71234091800104,4.5777026060581525,15003.715833333335
C19,saree,2026-07-06,0.0571428571428571,False,55.0,-0.0914826498422712,18,2,Kanchipuram Kanjeevaram,Tamil Nadu,silk,saree,4.71234091800104,4.0,3.0,4.0,5.0,4.67808522950026,1.4720930056889139,5.892695076500087,2.3366623945306855,14997.803819444447,0.9698123653632362,0.13463831194288645,5.0,4.458471775054932,4.687944545104445,0.0,14.140479095887871,4.687944545104445,4.546426587979422,14997.803819444447
C19,saree,2026-07-13,0.2571428571428571,False,64.8,-0.0778012684989428,18,2,Kanchipuram Kanjeevaram,Tamil Nadu,silk,saree,4.687944545104445,4.71234091800104,7.0,5.0,7.0,5.100071365776371,1.1335860401170663,5.783357121925458,2.3596670984966384,15029.81413773148,0.967202494141354,0.2761562690679078,7.0,5.253503799438477,5.993582160200664,0.0,15.44611671098409,5.993582160200664,5.797007614187207,15029.81413773148
C19,saree,2026-07-20,0.4571428571428571,False,60.5,-0.0638750132851524,18,2,Kanchipuram Kanjeevaram,Tamil Nadu,silk,saree,5.993582160200664,4.687944545104445,4.0,11.0,5.0,4.8484669058265375,0.7203267919729975,5.782822301942179,2.359618662454433,14994.708649209102,0.9643667243263598,0.4727308150813698,5.0,5.5117974281311035,5.294923093373438,0.0,14.747457644156864,5.294923093373438,5.106247639116538,14994.708649209102
C20,saree,2026-06-29,0.0,True,52.8,-0.0947897049591964,19,2,Arani Silk,Tamil Nadu,silk,saree,22.0,15.0,12.0,15.0,21.0,17.0,3.8078865529319543,16.916666666666668,3.7960139913101245,7214.384166666667,0.9556650246305419,6.0,21.0,12.215278625488281,15.937807304629352,6.485272753845926,25.390341855412778,15.937807304629352,15.23120501033544,7214.384166666667
C20,saree,2026-07-06,0.0571428571428571,False,55.0,-0.0914826498422712,19,2,Arani Silk,Tamil Nadu,silk,saree,15.937807304629352,22.0,19.0,17.0,11.0,17.98445182615734,2.7500759866774906,16.828150608719113,3.805411352739405,7183.61951388889,0.9568847339163203,5.706602294293916,11.0,12.247684478759766,11.718977755268428,2.266443204485002,21.171512306051852,11.718977755268428,11.213710911121307,7183.61951388889
C20,saree,2026-07-13,0.2571428571428571,False,64.8,-0.0778012684989428,19,2,Arani Silk,Tamil Nadu,silk,saree,11.718977755268428,15.937807304629352,15.0,17.0,10.0,16.164196264974446,3.7156149470012965,16.804732088324815,3.8357951651025437,7187.239473379629,0.9543190717053984,6.211869138441031,10.0,14.253873825073242,12.45129334059398,2.9987587898105534,21.903827891377404,12.45129334059398,11.882506702327255,7187.239473379629
C20,saree,2026-07-20,0.4571428571428571,False,60.5,-0.0638750132851524,19,2,Arani Silk,Tamil Nadu,silk,saree,12.45129334059398,11.718977755268428,22.0,26.0,21.0,15.527019600122939,4.062926793306926,16.59233986670765,3.997019099002216,7188.126929494599,0.950877654712559,4.780655776707746,21.0,15.510891914367676,17.83690333812865,8.384368787345224,27.289437888912076,17.83690333812865,16.960712813494386,7188.126929494599
C21,saree,2026-06-29,0.0,True,52.8,-0.0947897049591964,20,2,Salem,Tamil Nadu,cotton,yardage_fabric,30.0,32.0,30.0,25.0,20.0,31.25,1.299038105676658,30.666666666666668,5.2493385826745405,896.1799999999998,0.9483695652173914,5.0,20.0,25.613815307617188,23.234959155999324,13.782424605215898,32.687493706782746,23.234959155999324,22.035328112618924,896.1799999999998
C21,saree,2026-07-06,0.0571428571428571,False,55.0,-0.0914826498422712,20,2,Salem,Tamil Nadu,cotton,yardage_fabric,23.234959155999324,30.0,33.0,31.0,28.0,29.55873978899983,3.8074576598351597,30.102913262999945,5.6394346934820065,893.4091666666667,0.9468500194769658,6.199631043380393,28.0,23.842863082885742,25.604451269617968,16.151916718834542,35.056985820401394,25.604451269617968,24.243575183334794,893.4091666666667
C21,saree,2026-07-13,0.2571428571428571,False,64.8,-0.0778012684989428,20,2,Salem,Tamil Nadu,cotton,yardage_fabric,25.604451269617968,23.234959155999324,32.0,24.0,29.0,27.709852606404322,3.467979452238298,30.403284202134774,5.28468674954551,893.5840972222222,0.9518678447890875,6.560507129663563,29.0,30.68198585510254,29.969243775234713,20.516709224451287,39.42177832601814,29.969243775234713,28.526759482291443,893.5840972222222
C21,saree,2026-07-20,0.4571428571428571,False,60.5,-0.0638750132851524,20,2,Salem,Tamil Nadu,cotton,yardage_fabric,29.969243775234713,25.604451269617968,30.0,37.0,27.0,27.202163550213,2.9058568877568374,30.234054516737668,5.263317980813518,891.5419386574073,0.9531350996572591,7.00299142260684,27.0,30.66457176208496,29.111708227822895,19.65917367703947,38.56424277860632,29.111708227822895,27.747390922919024,891.5419386574073
C22,saree,2026-06-29,0.0,True,52.8,-0.0947897049591964,21,2,Ilkal,Karnataka,cotton/silk,saree,32.0,29.0,38.0,37.0,32.0,32.0,3.6742346141747673,34.916666666666664,3.967751952372471,3832.0291666666667,0.9284009546539379,15.0,32.0,30.662559509277344,31.229300373456013,21.776765822672587,40.68183492423944,31.229300373456013,28.993312279891143,3832.0291666666667
C22,saree,2026-07-06,0.0571428571428571,False,55.0,-0.0914826498422712,21,2,Ilkal,Karnataka,cotton/silk,saree,31.229300373456013,32.0,29.0,43.0,23.0,30.307325093364003,1.3354198362438607,34.51910836445467,4.076795049340938,3819.7374305555554,0.9270066408477019,13.23598809356487,23.0,23.458545684814453,23.264236794452742,13.811702243669316,32.71677134523617,23.264236794452742,21.566102002711144,3819.7374305555554
C22,saree,2026-07-13,0.2571428571428571,False,64.8,-0.0778012684989428,21,2,Ilkal,Karnataka,cotton/silk,saree,23.264236794452742,31.229300373456013,29.0,35.0,37.0,28.87338429197719,3.4206956001348763,33.62446143065906,5.133558199252588,3823.3247164351856,0.9233342791499691,9.934122885306465,37.0,30.772993087768555,33.41168939101695,23.959154840233523,42.864223941800375,33.41168939101695,30.850158139037305,3823.3247164351856
C22,saree,2026-07-20,0.4571428571428571,False,60.5,-0.0638750132851524,21,2,Ilkal,Karnataka,cotton/silk,saree,33.41168939101695,23.264236794452742,32.0,31.0,40.0,29.976306639731426,3.953449897522343,33.32543554657715,5.031724778649424,3827.995942804784,0.9212422042885072,9.49565413728611,40.0,33.395870208740234,36.194372460623086,26.74183790983966,45.64690701140651,36.194372460623086,33.343783468463656,3827.995942804784
C23,saree,2026-06-29,0.0,True,52.8,-0.0947897049591964,22,2,Molakalmuru,Karnataka,silk,saree,25.0,25.0,28.0,24.0,18.0,28.25,4.085033659592048,25.916666666666668,4.499228328897696,9116.149166666664,0.9292604501607717,7.0,18.0,23.213436126708984,21.004240789580486,11.55170623879706,30.45677534036391,21.004240789580486,19.518410251410806,9116.149166666664
C23,saree,2026-07-06,0.0571428571428571,False,55.0,-0.0914826498422712,22,2,Molakalmuru,Karnataka,silk,saree,21.004240789580486,25.0,35.0,34.0,30.0,26.50106019739512,5.170912994888737,25.500353399131708,4.698952448679213,9110.474097222223,0.9330537691722498,7.485830538169665,30.0,24.940303802490234,27.084351792175966,17.63181724139254,36.53688634295939,27.084351792175966,25.271156525276965,9110.474097222223
C23,saree,2026-07-13,0.2571428571428571,False,64.8,-0.0778012684989428,22,2,Molakalmuru,Karnataka,silk,saree,27.084351792175966,21.004240789580486,25.0,20.0,25.0,24.52214814543911,2.2021151469422766,25.507382715146367,4.701253090273273,9091.943605324075,0.9336825144842771,5.299025805068666,25.0,25.493297576904297,25.28426256041476,15.831728009631334,34.736797111198186,25.28426256041476,23.60747384428872,9091.943605324075
C23,saree,2026-07-20,0.4571428571428571,False,60.5,-0.0638750132851524,22,2,Molakalmuru,Karnataka,silk,saree,25.28426256041476,27.084351792175966,25.0,21.0,23.0,24.5932137855428,2.220896168631225,25.86440459518093,4.503934165578782,9117.588905767747,0.9291954365302717,5.975814521194721,23.0,25.60850715637207,24.503151359031317,15.050616808247891,33.95568590981475,24.503151359031317,22.768216423422427,9117.588905767747
C24,saree,2026-06-29,0.0,True,52.8,-0.0947897049591964,23,2,Guledgudda Khana,Karnataka,cotton,dupatta,9.0,18.0,11.0,12.0,13.0,11.5,3.905124837953327,12.666666666666666,3.009245014211298,1491.3966666666668,0.9539473684210527,3.0,13.0,11.626151084899902,12.208320031328352,2.755785480544926,21.660854582111778,12.208320031328352,11.646094766727705,1491.3966666666668
C24,saree,2026-07-06,0.0571428571428571,False,55.0,-0.0914826498422712,23,2,Guledgudda Khana,Karnataka,cotton,dupatta,12.208320031328352,9.0,8.0,10.0,14.0,11.802080007832089,3.901496762213627,12.434026669277364,2.926642664666071,1492.0330555555556,0.9493176703349193,2.5622252646006487,14.0,10.618074417114258,12.05116653652286,2.598631985739434,21.503701087306286,12.05116653652286,11.44038534127002,1492.0330555555556
C24,saree,2026-07-13,0.2571428571428571,False,64.8,-0.0778012684989428,23,2,Guledgudda Khana,Karnataka,cotton,dupatta,12.05116653652286,12.208320031328352,18.0,13.0,15.0,12.814871641962803,3.2553783220392285,12.438290547320934,2.9260444289669425,1499.1758101851854,0.9452429681503819,2.1730064598534824,15.0,11.369161605834961,12.907730613933653,3.455196063150227,22.360265164717077,12.907730613933653,12.200941597600197,1499.1758101851854
C24,saree,2026-07-20,0.4571428571428571,False,60.5,-0.0638750132851524,23,2,Guledgudda Khana,Karnataka,cotton,dupatta,12.907730613933653,12.05116653652286,9.0,13.0,20.0,11.541804295446216,1.5025159651979247,12.01393476514874,2.4129452954364674,1490.7412943672841,0.9384062781416517,2.879795476186942,20.0,11.161128997802734,14.906603600147372,5.454069049363946,24.359138150930796,14.906603600147372,13.98845040414724,1490.7412943672841
C25,saree,2026-06-29,0.0,True,52.8,-0.0947897049591964,24,2,Sualkuchi Muga Silk,Assam,silk,saree,16.0,15.0,13.0,13.0,16.0,15.5,1.8027756377319946,14.416666666666666,2.8418988174966553,11999.304166666669,0.9479768786127167,4.0,16.0,12.351097106933594,13.897320952604,4.444786401820574,23.349855503387424,13.897320952604,13.174338937728647,11999.304166666669
C25,saree,2026-07-06,0.0571428571428571,False,55.0,-0.0914826498422712,24,2,Sualkuchi Muga Silk,Assam,silk,saree,13.897320952604,16.0,18.0,19.0,11.0,15.724330238151,1.509742023158809,14.241443412716999,2.803435450898311,11981.258680555555,0.9489577603308682,2.722982014875349,11.0,11.023492813110352,11.013537725540845,1.5610031747574187,20.46607227632427,11.013537725540845,10.451382093348764,11981.258680555555
C25,saree,2026-07-13,0.2571428571428571,False,64.8,-0.0778012684989428,24,2,Sualkuchi Muga Silk,Assam,silk,saree,11.013537725540845,13.897320952604,15.0,14.0,17.0,13.97771466953621,1.8659791906480616,14.409238223178738,2.5317943048329714,12022.221070601852,0.9463010147653552,2.2851376470674296,17.0,11.459878921508789,13.807507118395545,4.354972567612119,23.26004166917897,13.807507118395545,13.06605799751757,12022.221070601852
C25,saree,2026-07-20,0.4571428571428571,False,60.5,-0.0638750132851524,24,2,Sualkuchi Muga Silk,Assam,silk,saree,13.807507118395545,11.013537725540845,16.0,17.0,12.0,13.679591449135096,1.7717157542295618,14.643197149711698,2.327411339740701,11925.65449315201,0.9429394490297336,2.0265867679454033,12.0,13.17689323425293,12.678184324770058,3.225649773986632,22.130718875553484,12.678184324770058,11.954760141896083,11925.65449315201
C26,saree,2026-06-29,0.0,True,52.8,-0.0947897049591964,25,2,Barpeta,Assam,cotton,yardage_fabric,29.0,26.0,29.0,20.0,18.0,27.25,1.7853571071357126,24.666666666666668,4.570436400267363,1101.5925000000002,0.9527027027027027,6.0,18.0,23.67580795288086,21.270682396685245,11.81814784590182,30.72321694746867,21.270682396685245,20.264636607652836,1101.5925000000002
C26,saree,2026-07-06,0.0571428571428571,False,55.0,-0.0914826498422712,25,2,Barpeta,Assam,cotton,yardage_fabric,21.270682396685245,29.0,25.0,23.0,24.0,25.31767059917131,2.7615281706005583,24.10589019972377,4.539774423241326,1100.8752083333336,0.9515815233227628,7.006045789032413,24.0,21.36931610107422,22.48406930063716,13.031534749853734,31.936603851420585,22.48406930063716,21.395424915594873,1100.8752083333336
C26,saree,2026-07-13,0.2571428571428571,False,64.8,-0.0778012684989428,25,2,Barpeta,Assam,cotton,yardage_fabric,22.48406930063716,21.270682396685245,26.0,14.0,14.0,24.6886879243306,3.035212358162083,23.479562641443533,4.188247047143348,1097.6948090277779,0.9499753239682146,7.0946901740746995,14.0,22.591821670532227,18.951034306755453,9.498499755972027,28.40356885753888,18.951034306755453,18.00301495509276,1097.6948090277779
C26,saree,2026-07-20,0.4571428571428571,False,60.5,-0.0638750132851524,25,2,Barpeta,Assam,cotton,yardage_fabric,18.951034306755453,22.48406930063716,29.0,28.0,28.0,22.926446501019463,3.7292494746229266,23.39214883367315,4.270104200053124,1103.113543113426,0.94641111699237,7.0427095257373935,28.0,25.386690139770508,26.49408108450917,17.041546533725743,35.946615635292595,26.49408108450917,25.074292872876743,1103.113543113426
C27,saree,2026-06-29,0.0,True,52.8,-0.0947897049591964,26,2,Chanderi,Madhya Pradesh,cotton-silk,saree,10.0,11.0,11.0,15.0,15.0,11.0,0.7071067811865476,15.25,3.854110359949059,5521.157500000001,0.9398907103825137,5.0,15.0,13.587870597839355,14.186260913718158,4.733726362934732,23.638795464501584,14.186260913718158,13.333534847866247,5521.157500000001
C27,saree,2026-07-06,0.0571428571428571,False,55.0,-0.0914826498422712,26,2,Chanderi,Madhya Pradesh,cotton-silk,saree,14.186260913718158,10.0,12.0,16.0,17.0,11.79656522842954,1.55033818550309,15.098855076143181,3.8572972336813716,5539.511458333334,0.9401018266444604,5.852726065851911,17.0,12.516158103942871,14.41618763694951,4.963653086166085,23.868722187732935,14.41618763694951,13.552684330745523,5539.511458333334
C27,saree,2026-07-13,0.2571428571428571,False,64.8,-0.0778012684989428,26,2,Chanderi,Madhya Pradesh,cotton-silk,saree,14.41618763694951,14.186260913718158,11.0,23.0,23.0,12.400612137666917,1.9349250076175555,14.550204045888973,3.422659922874041,5543.434079861111,0.938624976562421,3.716229372055899,23.0,14.381569862365723,18.03363257315381,8.581098022370384,27.486167123937236,18.03363257315381,16.926817951311808,5543.434079861111
C27,saree,2026-07-20,0.4571428571428571,False,60.5,-0.0638750132851524,26,2,Chanderi,Madhya Pradesh,cotton-silk,saree,18.03363257315381,14.41618763694951,10.0,14.0,11.0,14.15902028095537,2.8450372235401273,14.719673426985125,3.5386313139667673,5550.574419849538,0.9443882363591843,2.8230439938979046,11.0,14.122315406799316,12.799233188066964,3.346698637283538,22.25176773885039,12.799233188066964,12.0874452572285,5550.574419849538
C28,saree,2026-06-29,0.0,True,52.8,-0.0947897049591964,27,2,Maheshwar,Madhya Pradesh,cotton-silk,saree,15.0,19.0,16.0,22.0,20.0,18.0,2.7386127875258306,18.583333333333332,3.2264101137676566,5037.363333333333,0.9372197309417041,5.0,20.0,16.537721633911133,18.00486327261244,8.552328721829014,27.457397823395866,18.00486327261244,16.874513112,5037.363333333333
C28,saree,2026-07-06,0.0571428571428571,False,55.0,-0.0914826498422712,27,2,Maheshwar,Madhya Pradesh,cotton-silk,saree,18.00486327261244,15.0,22.0,15.0,20.0,18.50121581815311,2.4997577115569087,18.500405272717703,3.227423616548453,5021.124444444445,0.9363511683829151,4.130350160612437,20.0,16.124156951904297,17.766546765683422,8.314012214899996,27.21908131646685,17.766546765683422,16.635726822177375,5021.124444444445
C28,saree,2026-07-13,0.2571428571428571,False,64.8,-0.0778012684989428,27,2,Maheshwar,Madhya Pradesh,cotton-silk,saree,17.766546765683422,18.00486327261244,19.0,16.0,26.0,17.442852509573967,1.4843239841491194,18.147617503191324,3.0522264133067973,5037.3898148148155,0.9299211494225309,5.2611701041184915,26.0,16.903411865234375,20.758094190418717,11.305559639635291,30.210628741202143,20.758094190418717,19.303390809375333,5037.3898148148155
C28,saree,2026-07-20,0.4571428571428571,False,60.5,-0.0638750132851524,27,2,Maheshwar,Madhya Pradesh,cotton-silk,saree,20.758094190418717,17.766546765683422,15.0,19.0,17.0,17.882376057178647,2.0375393284275205,17.877458685726214,2.6375716600503245,5052.8956327160495,0.9314039645126251,5.715873485161879,17.0,16.878408432006836,16.929932900421914,7.477398349638488,26.38246745120534,16.929932900421914,15.768606622385697,5052.8956327160495
C29,saree,2026-06-29,0.0,True,52.8,-0.0947897049591964,28,2,Paithan Paithani,Maharashtra,silk,saree,8.0,19.0,13.0,7.0,13.0,13.5,3.905124837953327,12.5,3.905124837953327,20073.453333333327,0.9533333333333334,4.0,13.0,10.801645278930664,11.733198841898464,2.2806642911150377,21.18573339268189,11.733198841898464,11.18564956260987,20073.453333333327
C29,saree,2026-07-06,0.0571428571428571,False,55.0,-0.0914826498422712,28,2,Paithan Paithani,Maharashtra,silk,saree,11.733198841898464,8.0,14.0,15.0,5.0,13.183299710474616,3.9834153072058367,12.477766570158204,3.9086661419555426,20042.109444444442,0.9629504390329217,4.547549279288596,5.0,10.65463924407959,8.2584839354597,0.0,17.711018486243127,8.2584839354597,7.95251073139725,20042.109444444442
C29,saree,2026-07-13,0.2571428571428571,False,64.8,-0.0778012684989428,28,2,Paithan Paithani,Maharashtra,silk,saree,8.2584839354597,11.733198841898464,19.0,12.0,11.0,11.747920694339541,4.438917362764496,11.499306898113181,3.3299374660276144,20114.48523148148,0.9575806138055771,3.8535224833510497,11.0,9.789752006530762,10.302595006609701,0.8500604558262754,19.755129557393126,10.302595006609701,9.865565250219591,20114.48523148148
C29,saree,2026-07-20,0.4571428571428571,False,60.5,-0.0638750132851524,28,2,Paithan Paithani,Maharashtra,silk,saree,10.302595006609701,8.2584839354597,8.0,9.0,11.0,9.573569445991966,1.5330564321861115,11.357856481997322,3.34169529653001,19992.99483410494,0.9611828733695856,1.290552239741153,11.0,9.9666109085083,10.404509888543192,0.951975337759766,19.857044439326618,10.404509888543192,10.000636710672213,19992.99483410494
C30,saree,2026-06-29,0.0,True,52.8,-0.0947897049591964,29,2,Solapur,Maharashtra,cotton,home_furnishing,4.0,8.0,9.0,11.0,8.0,6.5,2.0615528128088303,8.0,2.70801280154532,1828.2916666666667,0.9270833333333334,2.0,8.0,6.099163055419922,6.904643359109523,0.0,16.357177909892947,6.904643359109523,6.401179780841121,1828.2916666666667
C30,saree,2026-07-06,0.0571428571428571,False,55.0,-0.0914826498422712,29,2,Solapur,Maharashtra,cotton,home_furnishing,6.904643359109523,4.0,5.0,10.0,13.0,5.97616083977738,1.5665333051790251,7.82538694659246,2.7054563624537726,1831.405138888889,0.930743961686773,2.503463578268402,13.0,7.07415771484375,9.585235404634124,0.1327008538506984,19.037769955417552,9.585235404634124,8.921399974209484,1831.405138888889
C30,saree,2026-07-13,0.2571428571428571,False,64.8,-0.0778012684989428,29,2,Solapur,Maharashtra,cotton,home_furnishing,9.585235404634124,6.904643359109523,8.0,10.0,13.0,7.122469690935912,2.0391505391672244,7.540823230311971,2.2946070431375025,1826.3472337962965,0.9207944677724029,2.1672990086930426,13.0,8.046775817871094,10.145706254718878,0.6931717039354517,19.598240805502304,10.145706254718878,9.342110190989008,1826.3472337962965
C30,saree,2026-07-20,0.4571428571428571,False,60.5,-0.0638750132851524,29,2,Solapur,Maharashtra,cotton,home_furnishing,10.145706254718878,9.585235404634124,4.0,7.0,13.0,7.658896254615631,2.4418960732352595,7.9696320848718765,2.2602685361691974,1821.7761699459877,0.9166534604155542,2.9708950724229126,13.0,8.639461517333984,10.487241186854211,1.0347066360707853,19.93977573763764,10.487241186854211,9.613165924142436,1821.7761699459877
C31,saree,2026-06-29,0.0,True,52.8,-0.0947897049591964,30,2,Kota Doria,Rajasthan,cotton-silk,saree,32.0,34.0,29.0,32.0,35.0,33.75,4.02336923485777,31.916666666666668,4.855552377319071,4153.7825,0.9425587467362925,8.0,35.0,28.074771881103516,31.009339658857222,21.556805108073796,40.46187420964065,31.009339658857222,29.228124325972473,4153.7825
C31,saree,2026-07-06,0.0571428571428571,False,55.0,-0.0914826498422712,30,2,Kota Doria,Rajasthan,cotton-silk,saree,31.009339658857222,32.0,40.0,36.0,26.0,34.252334914714304,3.4888879904401033,32.334111638238106,4.533595343560481,4144.8618750000005,0.9387096832416624,6.781215332884727,26.0,22.34360122680664,23.89300145423788,14.440466903454453,33.3455360050213,23.89300145423788,22.42859182680022,4144.8618750000005
C31,saree,2026-07-13,0.2571428571428571,False,64.8,-0.0778012684989428,30,2,Kota Doria,Rajasthan,cotton-silk,saree,23.89300145423788,31.009339658857222,34.0,24.0,38.0,30.225585278273773,3.8115168540158404,31.241861759424594,4.846025435263324,4184.2703645833335,0.9406628806470652,6.245624960322402,38.0,28.95052719116211,32.785244380912346,23.33270983012892,42.23777893169577,32.785244380912346,30.839862422067014,4184.2703645833335
C31,saree,2026-07-20,0.4571428571428571,False,60.5,-0.0638750132851524,30,2,Kota Doria,Rajasthan,cotton-silk,saree,32.785244380912346,23.89300145423788,32.0,37.0,40.0,29.921896373501863,3.537208763290549,31.473965457833955,4.847687541461002,4175.570394965278,0.9438927628731818,6.191006919167748,40.0,30.64042854309082,34.60655014074379,25.154015589960366,44.05908469152722,34.60655014074379,32.66487222585596,4175.570394965278
C32,saree,2026-06-29,0.0,True,52.8,-0.0947897049591964,31,2,Balaramapuram,Kerala,cotton,saree,75.0,69.0,70.0,82.0,67.0,71.5,2.29128784747792,75.66666666666667,5.70574758954123,3175.499166666667,0.9526431718061674,15.0,67.0,61.6346435546875,63.90821517864812,54.455680627864695,73.36074972943155,63.90821517864812,60.8817248122584,3175.499166666667
C32,saree,2026-07-06,0.0571428571428571,False,55.0,-0.0914826498422712,31,2,Balaramapuram,Kerala,cotton,saree,63.90821517864812,75.0,72.0,77.0,63.0,69.97705379466203,4.095965582017734,74.909017931554,6.550625655117655,3184.635763888889,0.9543596446515553,14.02649036638968,63.0,57.37532043457031,59.7587803191423,50.30624576835888,69.21131486992573,59.7587803191423,57.03136835018701,3184.635763888889
C32,saree,2026-07-13,0.2571428571428571,False,64.8,-0.0778012684989428,31,2,Balaramapuram,Kerala,cotton,saree,59.7587803191423,63.90821517864812,69.0,69.0,56.0,66.9167488744476,5.700146332515502,72.88891629148253,7.14634157448715,3177.0404108796297,0.9568362559354849,14.753902335345003,56.0,62.12595748901367,59.53008091332433,50.07754636254091,68.98261546410777,59.53008091332433,56.96053973664173,3177.0404108796297
C32,saree,2026-07-20,0.4571428571428571,False,60.5,-0.0638750132851524,31,2,Balaramapuram,Kerala,cotton,saree,59.53008091332433,59.7587803191423,75.0,71.0,69.0,64.5492691027787,6.280321633624417,71.09975636759289,7.566912953367234,3200.950445119599,0.9550825423907555,12.323443512027637,69.0,68.59166717529297,68.76469834905528,59.312163798271854,78.2172328998387,68.76469834905528,65.67596292594911,3200.950445119599
C33,saree,2026-06-29,0.0,True,52.8,-0.0947897049591964,32,2,Srinagar Pashmina,Jammu & Kashmir,wool,shawl_wrap,1.0,0.0,1.0,2.0,1.0,1.0,0.7071067811865476,0.8333333333333334,0.8975274678557507,24866.311666666665,0.9,0.0,1.0,0.5899380445480347,0.7637019380533601,0.0,10.216236488836786,0.7637019380533601,0.6873317442480241,24866.311666666665
C33,saree,2026-07-06,0.0571428571428571,False,55.0,-0.0914826498422712,32,2,Srinagar Pashmina,Jammu & Kashmir,wool,shawl_wrap,0.7637019380533601,1.0,2.0,2.0,1.0,0.94092548451334,0.7144714096028971,0.8969751615044467,0.8625769224594467,24984.20847222222,0.8999999999999999,0.07637019380533605,1.0,0.7440696954727173,0.8525202493204849,0.0,10.30505480010391,0.8525202493204849,0.7672682243884363,24984.20847222222
C33,saree,2026-07-13,0.2571428571428571,False,64.8,-0.0778012684989428,32,2,Srinagar Pashmina,Jammu & Kashmir,wool,shawl_wrap,0.8525202493204849,0.7637019380533601,0.0,0.0,3.0,0.6540555468434612,0.3869356510652396,0.8013518489478204,0.7960346514622146,24885.74501157407,0.8792018116779166,0.16162221873738458,3.0,0.7739301323890686,1.71722799815821,0.0,11.169762548941636,1.71722799815821,1.5097899670447401,24885.74501157407
C33,saree,2026-07-20,0.4571428571428571,False,60.5,-0.0638750132851524,32,2,Srinagar Pashmina,Jammu & Kashmir,wool,shawl_wrap,1.71722799815821,0.8525202493204849,1.0,0.0,1.0,1.0833625463830137,0.37556816815473815,0.9444541821276712,0.7934617716943999,24842.552095871913,0.8792018116779166,0.36906024985085395,1.0,0.8142404556274414,0.8929561259226149,0.0,10.34549067670604,0.8929561259226149,0.7850886436600568,24842.552095871913
C34,saree,2026-06-29,0.0,True,52.8,-0.0947897049591964,33,2,Bhagalpur Tussar,Bihar,silk,saree,18.0,19.0,26.0,16.0,21.0,23.5,5.315072906367325,21.916666666666668,5.423073134507981,6016.305,0.9581749049429658,2.0,21.0,20.924114227294922,20.956270849365264,11.503736298581838,30.40880540014869,20.956270849365264,20.079772829049606,6016.305
C34,saree,2026-07-06,0.0571428571428571,False,55.0,-0.0914826498422712,33,2,Bhagalpur Tussar,Bihar,silk,saree,20.956270849365264,18.0,31.0,26.0,16.0,22.239067712341317,5.168673839960021,21.329689237447106,5.104716547135223,6027.614583333333,0.9614133383505648,0.8764980203156654,16.0,18.177104949951172,17.254555984743533,7.802021433960107,26.70709053552696,17.254555984743533,16.588760271048997,6027.614583333333
C34,saree,2026-07-13,0.2571428571428571,False,64.8,-0.0778012684989428,33,2,Bhagalpur Tussar,Bihar,silk,saree,17.254555984743533,20.956270849365264,19.0,27.0,21.0,18.8027067085272,1.3890529035128778,21.5175689028424,4.905912523677951,6054.508298611112,0.966917368110601,1.542293734010201,21.0,20.188617706298828,20.532441230037822,11.079906679254396,29.984975780821248,20.532441230037822,19.853174035033764,6054.508298611112
C34,saree,2026-07-20,0.4571428571428571,False,60.5,-0.0638750132851524,33,2,Bhagalpur Tussar,Bihar,silk,saree,20.532441230037822,17.254555984743533,18.0,24.0,12.0,19.185817016036655,1.5877527134440423,21.72860567201222,4.8034577789506985,6059.68232349537,0.9646335608298597,2.2215609290142595,12.0,19.67593765258789,16.42325645384635,6.970721903062923,25.875791004629775,16.42325645384635,15.84242435349578,6059.68232349537
C01,shawl_wrap,2026-06-29,0.0,True,52.8,-0.0947897049591964,0,3,Patan Patola,Gujarat,silk,saree,0.0,1.0,0.0,0.0,0.0,0.25,0.4330127018922193,0.3333333333333333,0.6236095644623235,46252.33583333334,1.0,0.0,0.0,0.41489019989967346,0.24341534646099222,0.0,5.40288904413984,0.24341534646099222,0.24341534646099222,46252.33583333334
C01,shawl_wrap,2026-07-06,0.0571428571428571,False,55.0,-0.0914826498422712,0,3,Patan Patola,Gujarat,silk,saree,0.24341534646099222,0.0,0.0,0.0,0.0,0.31085383661524807,0.41010078027816754,0.353617945538416,0.6163537413700974,46302.001319444455,1.0,0.0,0.0,0.2304689586162567,0.13521573038757226,0.0,5.2946894280664205,0.13521573038757226,0.13521573038757226,46302.001319444455
C01,shawl_wrap,2026-07-13,0.2571428571428571,False,64.8,-0.0778012684989428,0,3,Patan Patola,Gujarat,silk,saree,0.13521573038757226,0.24341534646099222,1.0,1.0,0.0,0.34465776921214114,0.3880652049346255,0.3648859230707137,0.6109987372037529,46036.486429398145,1.0,0.0,0.0,0.5285421013832092,0.31009471604420996,0.0,5.469568413723058,0.31009471604420996,0.31009471604420996,46036.486429398145
C01,shawl_wrap,2026-07-20,0.4571428571428571,False,60.5,-0.0638750132851524,0,3,Patan Patola,Gujarat,silk,saree,0.31009471604420996,0.13521573038757226,0.0,0.0,0.0,0.1721814482231936,0.1173746705070599,0.22406048274106452,0.3618535452409813,46225.98863184799,1.0,0.0,0.0,0.3910112977027893,0.22940563677691617,0.0,5.388879334455765,0.22940563677691617,0.22940563677691617,46225.98863184799
C02,shawl_wrap,2026-06-29,0.0,True,52.8,-0.0947897049591964,1,3,Surendranagar Tangaliya,Gujarat,wool,shawl_wrap,41.0,45.0,43.0,44.0,35.0,42.75,1.479019945774904,45.166666666666664,4.810289896553937,4490.125833333333,0.9428044280442804,10.0,35.0,39.853824615478516,37.84773031689661,32.68825661921776,43.00720401457546,37.84773031689661,35.68300773419588,4490.125833333333
C02,shawl_wrap,2026-07-06,0.0571428571428571,False,55.0,-0.0914826498422712,1,3,Surendranagar Tangaliya,Gujarat,wool,shawl_wrap,37.84773031689661,41.0,42.0,44.0,48.0,41.461932579224154,2.553589499313566,44.90397752640805,5.107546033685708,4486.384652777778,0.940308326874116,9.164722582700733,48.0,38.878265380859375,42.64829443264686,37.48882073496801,47.807768130325705,42.64829443264686,40.102546381996845,4486.384652777778
C02,shawl_wrap,2026-07-13,0.2571428571428571,False,64.8,-0.0778012684989428,1,3,Surendranagar Tangaliya,Gujarat,wool,shawl_wrap,42.64829443264686,37.84773031689661,45.0,43.0,43.0,41.624006187385866,2.602697821690217,45.04133539579529,5.022159041985935,4496.50004050926,0.9431809500401386,7.710470633350752,43.0,40.91085433959961,41.77430193613441,36.61482823845556,46.933775633813255,41.77430193613441,39.40072578738685,4496.50004050926
C02,shawl_wrap,2026-07-20,0.4571428571428571,False,60.5,-0.0638750132851524,1,3,Surendranagar Tangaliya,Gujarat,wool,shawl_wrap,41.77430193613441,42.64829443264686,41.0,56.0,42.0,40.81758167141947,1.8110850610614904,44.02252722380649,4.287823577257197,4471.7217105516975,0.9430517951465436,10.084046782098284,42.0,43.03359603881836,42.606408967843834,37.446935270164985,47.76588266552268,42.606408967843834,40.18005046187292,4471.7217105516975
C03,shawl_wrap,2026-06-29,0.0,True,52.8,-0.0947897049591964,2,3,Kutch Weaves (Bhujodi),Gujarat,wool/cotton,shawl_wrap,56.0,45.0,50.0,54.0,46.0,51.25,4.205650960315181,49.75,6.5463093928309455,3169.6825000000003,0.9246231155778895,12.0,46.0,46.96075439453125,46.56367290397627,41.40419920629742,51.72314660165512,46.56367290397627,43.053848313224286,3169.6825000000003
C03,shawl_wrap,2026-07-06,0.0571428571428571,False,55.0,-0.0914826498422712,2,3,Kutch Weaves (Bhujodi),Gujarat,wool/cotton,shawl_wrap,46.56367290397627,56.0,54.0,46.0,36.0,50.39091822599407,4.695664906943677,48.46363940866468,5.435098109445439,3169.7743750000004,0.9217457576682817,10.509824590752004,36.0,41.44742965698242,39.19599734483221,34.03652364715336,44.355471042511056,39.19599734483221,36.12874427017632,3169.7743750000004
C03,shawl_wrap,2026-07-13,0.2571428571428571,False,64.8,-0.0778012684989428,2,3,Kutch Weaves (Bhujodi),Gujarat,wool/cotton,shawl_wrap,39.19599734483221,46.56367290397627,45.0,41.0,43.0,46.689917562202126,6.035483292654942,48.22997252073404,5.758608410859492,3171.4172395833334,0.9229782585814175,10.577077665407899,43.0,44.56679916381836,43.919238298200014,38.759764600521166,49.07871199587886,43.919238298200014,40.536502082694945,3171.4172395833334
C03,shawl_wrap,2026-07-20,0.4571428571428571,False,60.5,-0.0638750132851524,2,3,Kutch Weaves (Bhujodi),Gujarat,wool/cotton,shawl_wrap,43.919238298200014,39.19599734483221,56.0,41.0,50.0,46.41972713675212,6.12856151671378,47.72324237891737,5.847413794262121,3177.5153428819444,0.9214921080383698,11.959813880912947,50.0,49.95423889160156,49.973152038640734,44.813678340961886,55.13262573631958,49.973152038640734,46.04986521740901,3177.5153428819444
C04,shawl_wrap,2026-06-29,0.0,True,52.8,-0.0947897049591964,3,3,Ahmedabad Ashavali,Gujarat,silk,saree,0.0,1.0,0.0,0.0,0.0,0.25,0.4330127018922193,0.5,0.6454972243679028,37044.08416666666,0.8333333333333334,0.0,0.0,0.41831979155540466,0.24542748181945911,0.0,5.4049011794983075,0.24542748181945911,0.20452290151621594,37044.08416666666
C04,shawl_wrap,2026-07-06,0.0571428571428571,False,55.0,-0.0914826498422712,3,3,Ahmedabad Ashavali,Gujarat,silk,saree,0.24542748181945911,0.0,0.0,1.0,0.0,0.31135687045486476,0.41001897691279215,0.4371189568182883,0.6303014397832026,37071.49618055555,0.8015596280930398,0.040904580303243065,0.0,0.29662850499153137,0.17403141922894236,0.0,5.333505116907791,0.17403141922894236,0.13949655967365493,37071.49618055555
C04,shawl_wrap,2026-07-13,0.2571428571428571,False,64.8,-0.0778012684989428,3,3,Ahmedabad Ashavali,Gujarat,silk,saree,0.17403141922894236,0.24542748181945911,1.0,0.0,0.0,0.35486472526210033,0.383016217270789,0.28495490842070015,0.4199335250682031,37234.21919560185,0.9779381937196551,0.0754394398585303,0.0,0.5881097316741943,0.3450429393781105,0.0,5.504516637056959,0.3450429393781105,0.3374306688911498,37234.21919560185
C04,shawl_wrap,2026-07-20,0.4571428571428571,False,60.5,-0.0638750132851524,3,3,Ahmedabad Ashavali,Gujarat,silk,saree,0.3450429393781105,0.17403141922894236,0.0,0.0,1.0,0.19112546010662798,0.12595678596435989,0.23037515336887604,0.3620202202282088,37456.54412856867,0.9699578024760227,0.08305171034549119,1.0,0.6447521448135376,0.7915767116922803,0.0,5.9510504093711285,0.7915767116922803,0.7677960077642404,37456.54412856867
C05,shawl_wrap,2026-06-29,0.0,True,52.8,-0.0947897049591964,4,3,Surat Mashru,Gujarat,silk-cotton,yardage_fabric,12.0,14.0,10.0,10.0,13.0,11.25,1.920286436967152,9.916666666666666,2.812422838447701,1192.9925,0.9663865546218487,2.0,13.0,8.358053207397461,10.276578027034454,5.117104329355605,15.436051724713302,10.276578027034454,9.931146832848421,1192.9925
C05,shawl_wrap,2026-07-06,0.0571428571428571,False,55.0,-0.0914826498422712,4,3,Surat Mashru,Gujarat,silk-cotton,yardage_fabric,10.276578027034454,12.0,9.0,13.0,9.0,11.319144506758613,1.8785583891772282,9.773048168919537,2.7455784120634914,1199.4060416666669,0.9629471522166658,1.345431194186034,9.0,9.071244239807129,9.041798869484495,3.882325171805647,14.201272567163343,9.041798869484495,8.706774472285963,1199.4060416666669
C05,shawl_wrap,2026-07-13,0.2571428571428571,False,64.8,-0.0778012684989428,4,3,Surat Mashru,Gujarat,silk-cotton,yardage_fabric,9.041798869484495,10.276578027034454,14.0,11.0,10.0,11.329594224129737,1.8657010484133594,10.109864741376578,2.360257783851631,1204.8748784722222,0.9614200609081932,1.6804555913845647,10.0,11.996395111083984,11.171281480630416,6.011807782951568,16.330755178309264,11.171281480630416,10.740294121530265,1204.8748784722222
C05,shawl_wrap,2026-07-20,0.4571428571428571,False,60.5,-0.0638750132851524,4,3,Surat Mashru,Gujarat,silk-cotton,yardage_fabric,11.171281480630416,9.041798869484495,12.0,11.0,12.0,10.622414594287342,1.0973770329403358,10.457471531429112,2.176679096958064,1201.6261183449074,0.9592680144596245,2.111442950484715,12.0,11.222694396972656,11.543956177531491,6.384482479852643,16.70342987521034,11.543956177531491,11.07374792142955,1201.6261183449074
C06,shawl_wrap,2026-06-29,0.0,True,52.8,-0.0947897049591964,5,3,Varanasi Banarasi,Uttar Pradesh,silk,saree,4.0,3.0,1.0,1.0,2.0,2.5,1.118033988749895,2.9166666666666665,1.552328000849763,8722.000833333334,0.9142857142857143,0.0,2.0,2.5276777744293213,2.309587616949107,0.0,7.469061314627956,2.309587616949107,2.111622964067755,8722.000833333334
C06,shawl_wrap,2026-07-06,0.0571428571428571,False,55.0,-0.0914826498422712,5,3,Varanasi Banarasi,Uttar Pradesh,silk,saree,2.309587616949107,4.0,2.0,3.0,2.0,2.827396904237277,0.7677079431662978,2.942465634745759,1.5393977940644927,8729.277569444444,0.9094306994583453,0.19796465288135145,2.0,2.393272876739502,2.2307325011976795,0.0,7.390206198876528,2.2307325011976795,2.0286966188686697,8729.277569444444
C06,shawl_wrap,2026-07-13,0.2571428571428571,False,64.8,-0.0778012684989428,5,3,Varanasi Banarasi,Uttar Pradesh,silk,saree,2.2307325011976795,2.309587616949107,3.0,3.0,2.0,2.885080029536697,0.7098618430614588,2.961693343178899,1.5289111851222172,8712.352366898149,0.9324710490161026,0.4000005352103617,2.0,2.6915929317474365,2.4057563498293852,0.0,7.5652300475082335,2.4057563498293852,2.2432981472025566,8712.352366898149
C06,shawl_wrap,2026-07-20,0.4571428571428571,False,60.5,-0.0638750132851524,5,3,Varanasi Banarasi,Uttar Pradesh,silk,saree,2.4057563498293852,2.2307325011976795,4.0,3.0,3.0,2.7365191169940433,0.7320994734858939,2.828839705664681,1.5019436602523923,8672.295064139662,0.9539723319921473,0.5624587378371917,3.0,2.6311213970184326,2.783579576069722,0.0,7.94305327374857,2.783579576069722,2.6554578994689457,8672.295064139662
C07,shawl_wrap,2026-06-29,0.0,True,52.8,-0.0947897049591964,6,3,Mubarakpur Azamgarh,Uttar Pradesh,silk,saree,6.0,3.0,5.0,2.0,2.0,5.75,2.165063509461097,4.5,2.217355782608345,5953.395,0.9629629629629629,0.0,2.0,4.010799407958984,3.1797324561299654,0.0,8.339206153808814,3.1797324561299654,3.061964587384411,5953.395
C07,shawl_wrap,2026-07-06,0.0571428571428571,False,55.0,-0.0914826498422712,6,3,Mubarakpur Azamgarh,Uttar Pradesh,silk,saree,3.1797324561299654,6.0,9.0,4.0,1.0,5.294933114032491,2.4477250542215234,4.598311038010831,2.1287149031175945,5977.681250000001,0.9616205484426865,0.11776786874555611,1.0,3.4711110591888428,2.449796487749035,0.0,7.609270185427883,2.449796487749035,2.3557746421221943,5977.681250000001
C07,shawl_wrap,2026-07-13,0.2571428571428571,False,64.8,-0.0778012684989428,6,3,Mubarakpur Azamgarh,Uttar Pradesh,silk,saree,2.449796487749035,3.1797324561299654,3.0,7.0,8.0,3.65738223596975,1.3789871322827358,4.469127411989917,2.206713306948396,5954.430520833333,0.9774044311364269,0.21178971437239547,8.0,5.234664440155029,6.377582518113619,1.2181088204347708,11.537056215792468,6.377582518113619,6.233477413142463,5954.430520833333
C07,shawl_wrap,2026-07-20,0.4571428571428571,False,60.5,-0.0638750132851524,6,3,Mubarakpur Azamgarh,Uttar Pradesh,silk,saree,6.377582518113619,2.449796487749035,6.0,7.0,4.0,4.501777865498155,1.7118516508554245,4.833925955166052,2.1288431603996796,5940.2272309027785,0.9938646346909249,0.3558948193435505,4.0,5.086203098297119,4.637273436593421,0.0,9.79674713427227,4.637273436593421,4.6088220700218505,5940.2272309027785
C08,shawl_wrap,2026-06-29,0.0,True,52.8,-0.0947897049591964,7,3,Shantipur-Fulia Tant,West Bengal,cotton,saree,5.0,5.0,9.0,14.0,9.0,5.5,2.179449471770337,8.0,3.415650255319866,2164.620833333334,0.9270833333333334,1.0,9.0,7.3714919090271,8.04455718338357,2.8850834857047225,13.204030881062419,8.04455718338357,7.457974888761853,2164.620833333334
C08,shawl_wrap,2026-07-06,0.0571428571428571,False,55.0,-0.0914826498422712,7,3,Shantipur-Fulia Tant,West Bengal,cotton,saree,8.04455718338357,5.0,3.0,12.0,9.0,5.261139295845893,1.8025366511913805,8.33704643194863,3.1968575947733346,2152.1567361111115,0.9241679656723817,0.5865822946217172,9.0,7.226785659790039,7.959658282899472,2.8001845852206237,13.11913198057832,7.959658282899472,7.356061202754527,2152.1567361111115
C08,shawl_wrap,2026-07-13,0.2571428571428571,False,64.8,-0.0778012684989428,7,3,Shantipur-Fulia Tant,West Bengal,cotton,saree,7.959658282899472,8.04455718338357,5.0,7.0,3.0,6.501053866570761,1.5013539516915915,7.917017955523587,2.871134801204683,2140.3689641203705,0.9137914108908847,1.190179374766661,3.0,7.446737766265869,5.608893182481839,0.44941948480299043,10.768366880160688,5.608893182481839,5.125358414756343,2140.3689641203705
C08,shawl_wrap,2026-07-20,0.4571428571428571,False,60.5,-0.0638750132851524,7,3,Shantipur-Fulia Tant,West Bengal,cotton,saree,5.608893182481839,7.959658282899472,5.0,9.0,12.0,6.653277162191221,1.366231587433898,7.801092387397073,2.9332324852355685,2153.0638777970685,0.9073450901514679,1.6737141424921553,12.0,8.807040214538574,10.12669614128738,4.967222443608533,15.286169838966229,10.12669614128738,9.18840802325292,2153.0638777970685
C09,shawl_wrap,2026-06-29,0.0,True,52.8,-0.0947897049591964,8,3,Murshidabad Silk,West Bengal,silk,saree,6.0,3.0,3.0,5.0,3.0,3.75,1.299038105676658,4.166666666666667,1.5723301886761005,6978.8550000000005,0.94,1.0,3.0,4.009363651275635,3.5921918689325594,0.0,8.751665566611408,3.5921918689325594,3.376660356796606,6978.8550000000005
C09,shawl_wrap,2026-07-06,0.0571428571428571,False,55.0,-0.0914826498422712,8,3,Murshidabad Silk,West Bengal,silk,saree,3.5921918689325594,6.0,3.0,2.0,4.0,3.89804796723314,1.237409653653908,4.13268265574438,1.5799538818728258,6932.537916666667,0.9351605284833084,1.2155315121359536,4.0,3.2906413078308105,3.5838205099536373,0.0,8.743294207632486,3.5838205099536373,3.3514474820775635,6932.537916666667
C09,shawl_wrap,2026-07-13,0.2571428571428571,False,64.8,-0.0778012684989428,8,3,Murshidabad Silk,West Bengal,silk,saree,3.5838205099536373,3.5921918689325594,3.0,3.0,3.0,4.044003094721549,1.154531046607201,4.09800103157385,1.5870376600610727,6939.160243055555,0.9298864553423531,0.4479045400120256,3.0,4.053895473480225,3.618318610256145,0.0,8.777792307934993,3.618318610256145,3.3646254667903563,6939.160243055555
C09,shawl_wrap,2026-07-20,0.4571428571428571,False,60.5,-0.0638750132851524,8,3,Murshidabad Silk,West Bengal,silk,saree,3.618318610256145,3.5838205099536373,6.0,8.0,4.0,4.1985827472855854,1.0401265659643069,4.0661942490951954,1.5924983877442767,6946.4627633101845,0.9241387757872631,0.7015976834778144,4.0,3.830260992050171,3.9004144242547936,0.0,9.059888121933643,3.9004144242547936,3.604524211093808,6946.4627633101845
C10,shawl_wrap,2026-06-29,0.0,True,52.8,-0.0947897049591964,9,3,Bishnupur Baluchari,West Bengal,silk,saree,1.0,2.0,0.0,4.0,3.0,1.5,1.118033988749895,2.3333333333333335,1.4337208778404378,12195.965833333334,1.0,0.0,3.0,1.79670250415802,2.2940274874729565,0.0,7.453501185151804,2.2940274874729565,2.2940274874729565,12195.965833333334
C10,shawl_wrap,2026-07-06,0.0571428571428571,False,55.0,-0.0914826498422712,9,3,Bishnupur Baluchari,West Bengal,silk,saree,2.2940274874729565,1.0,3.0,0.0,2.0,2.073506871868239,0.718477404401531,2.191168957289413,1.3431277340786878,12252.02798611111,1.0,0.0,2.0,1.6031314134597778,1.767157902222003,0.0,6.926631599900851,1.767157902222003,1.767157902222003,12252.02798611111
C10,shawl_wrap,2026-07-13,0.2571428571428571,False,64.8,-0.0778012684989428,9,3,Bishnupur Baluchari,West Bengal,silk,saree,1.767157902222003,2.2940274874729565,2.0,3.0,3.0,1.7652963474237398,0.47966769428344,2.088432115807913,1.3243496748911692,12256.584484953704,1.0,0.0,3.0,1.9284735918045044,2.3713373515304035,0.0,7.530811049209252,2.3713373515304035,2.3713373515304035,12256.584484953704
C10,shawl_wrap,2026-07-20,0.4571428571428571,False,60.5,-0.0638750132851524,9,3,Bishnupur Baluchari,West Bengal,silk,saree,2.3713373515304035,1.767157902222003,1.0,4.0,3.0,1.8581306853063406,0.5472776774002248,2.03604356176878,1.299454031968464,12254.499858699846,1.0,0.0,3.0,1.9227193593978882,2.367961353555006,0.0,7.527435051233854,2.367961353555006,2.367961353555006,12254.499858699846
C11,shawl_wrap,2026-06-29,0.0,True,52.8,-0.0947897049591964,10,3,Nadia Jamdani,West Bengal,cotton,saree,1.0,1.0,1.0,0.0,0.0,1.0,0.0,1.3333333333333333,1.0274023338281628,9419.045000000002,1.0,0.0,0.0,1.167769432067871,0.6851282603495901,0.0,5.844601958028438,0.6851282603495901,0.6851282603495901,9419.045000000002
C11,shawl_wrap,2026-07-06,0.0571428571428571,False,55.0,-0.0914826498422712,10,3,Nadia Jamdani,West Bengal,cotton,saree,0.6851282603495901,1.0,1.0,2.0,1.0,0.9212820650873975,0.13634346273552744,1.0570940216957991,0.6493604215347636,9342.965416666668,1.0,0.0,1.0,0.9307928681373596,0.9593962981434851,0.0,6.118869995822333,0.9593962981434851,0.9593962981434851,9342.965416666668
C11,shawl_wrap,2026-07-13,0.2571428571428571,False,64.8,-0.0778012684989428,10,3,Nadia Jamdani,West Bengal,cotton,saree,0.9593962981434851,0.6851282603495901,1.0,0.0,0.0,0.9111311396232689,0.1315315320144684,0.9703770465410896,0.5838280740491575,9322.62420138889,1.0,0.0,0.0,1.2377382516860962,0.7261788430651023,0.0,5.88565254074395,0.7261788430651023,0.7261788430651023,9322.62420138889
C11,shawl_wrap,2026-07-20,0.4571428571428571,False,60.5,-0.0638750132851524,10,3,Nadia Jamdani,West Bengal,cotton,saree,0.7261788430651023,0.9593962981434851,1.0,1.0,3.0,0.8426758503895444,0.1385346047179928,0.8642252834631815,0.49619834871519647,9329.20205150463,1.0,0.0,3.0,1.4921754598617554,2.115362009204147,0.0,7.274835706882995,2.115362009204147,2.115362009204147,9329.20205150463
C12,shawl_wrap,2026-06-29,0.0,True,52.8,-0.0947897049591964,11,3,Sambalpur Ikat,Odisha,cotton/silk,saree,7.0,9.0,3.0,7.0,9.0,7.25,2.680951323690902,7.0,2.1984843263788196,4980.564166666666,0.9761904761904762,1.0,9.0,4.684945583343506,6.468365205824419,1.308891508145571,11.627838903503267,6.468365205824419,6.314356510447647,4980.564166666666
C12,shawl_wrap,2026-07-06,0.0571428571428571,False,55.0,-0.0914826498422712,11,3,Sambalpur Ikat,Odisha,cotton/silk,saree,6.468365205824419,7.0,10.0,7.0,3.0,8.117091301456105,1.4397103572613605,7.122363767152035,2.123341722698729,4982.990347222222,0.9747975910128911,1.154008695376774,3.0,3.344764232635498,3.2022725654995496,0.0,8.361746263178398,3.2022725654995496,3.1215675826156315,4982.990347222222
C12,shawl_wrap,2026-07-13,0.2571428571428571,False,64.8,-0.0778012684989428,11,3,Sambalpur Ikat,Odisha,cotton/silk,saree,3.2022725654995496,6.468365205824419,9.0,9.0,10.0,6.417659442830992,2.082599764899622,6.7225531476103315,2.359054332960637,4958.3070428240735,0.984694385561191,1.2347136782606896,10.0,5.77456521987915,7.520944888068799,2.361471190389951,12.680418585747647,7.520944888068799,7.405832205396487,4958.3070428240735
C12,shawl_wrap,2026-07-20,0.4571428571428571,False,60.5,-0.0638750132851524,11,3,Sambalpur Ikat,Odisha,cotton/silk,saree,7.520944888068799,3.2022725654995496,7.0,3.0,10.0,6.047895664848191,1.6845431233335222,6.765965221616065,2.3685348049589274,4953.316796392747,0.9833747992498721,0.349826360933001,10.0,6.383039474487305,7.877935657033344,2.718461959354496,13.037409354712192,7.877935657033344,7.746963395238574,4953.316796392747
C13,shawl_wrap,2026-06-29,0.0,True,52.8,-0.0947897049591964,12,3,Berhampur Patta,Odisha,silk,saree,1.0,5.0,3.0,2.0,4.0,3.5,1.6583123951777,3.25,1.6393596310755,8149.370833333333,0.9230769230769231,1.0,4.0,2.818859100341797,3.307026723265401,0.0,8.46650042094425,3.307026723265401,3.0526400522449855,8149.370833333333
C13,shawl_wrap,2026-07-06,0.0571428571428571,False,55.0,-0.0914826498422712,12,3,Berhampur Patta,Odisha,silk,saree,3.307026723265401,1.0,5.0,4.0,3.0,3.5767566808163505,1.6404018054530052,3.2755855602721167,1.6376532141154796,8177.887569444444,0.9172059821789018,1.2543866710204163,3.0,2.470551013946533,2.6893732163237654,0.0,7.848846914002614,2.6893732163237654,2.4667092023238713,8177.887569444444
C13,shawl_wrap,2026-07-13,0.2571428571428571,False,64.8,-0.0778012684989428,12,3,Berhampur Patta,Odisha,silk,saree,2.6893732163237654,3.307026723265401,5.0,3.0,2.0,2.999099984897292,1.4309744204061956,3.249699994965764,1.6442463663156164,8199.367366898148,0.9364800163897793,1.477050685020311,2.0,2.9958763122558594,2.5842788709848388,0.0,7.743752568663687,2.5842788709848388,2.420125519455642,8199.367366898148
C13,shawl_wrap,2026-07-20,0.4571428571428571,False,60.5,-0.0638750132851524,12,3,Berhampur Patta,Odisha,silk,saree,2.5842788709848388,2.6893732163237654,1.0,4.0,2.0,2.3951697026435013,0.8515133161384455,3.4650565675478338,1.3468558179581713,8092.277147472993,0.9364800163897793,0.6412040365495066,2.0,3.101541519165039,2.6462724609874226,0.0,7.80574615866627,2.6462724609874226,2.478181277637323,8092.277147472993
C14,shawl_wrap,2026-06-29,0.0,True,52.8,-0.0947897049591964,13,3,Nuapatna Sonepuri,Odisha,cotton,saree,4.0,2.0,2.0,3.0,2.0,2.75,0.82915619758885,3.75,1.3616778865306827,4154.8550000000005,0.9777777777777777,1.0,2.0,4.074977874755859,3.217385849086643,0.0,8.376859546765491,3.217385849086643,3.145888385773606,4154.8550000000005
C14,shawl_wrap,2026-07-06,0.0571428571428571,False,55.0,-0.0914826498422712,13,3,Nuapatna Sonepuri,Odisha,cotton,saree,3.217385849086643,4.0,3.0,4.0,1.0,3.0543464622716607,0.713344666962847,3.6847821540905534,1.3668740927341094,4180.8429166666665,0.9757675076728859,1.0714974633130367,1.0,3.1721057891845703,2.2743706246909237,0.0,7.433844322369772,2.2743706246909237,2.219256955979087,4180.8429166666665
C14,shawl_wrap,2026-07-13,0.2571428571428571,False,64.8,-0.0778012684989428,13,3,Nuapatna Sonepuri,Odisha,cotton,saree,2.2743706246909237,3.217385849086643,2.0,2.0,1.0,2.8729391184443918,0.7920253668929752,3.457646372814797,1.3558672552739102,4175.464826388889,0.9728473502263785,1.1266111320248733,1.0,3.0714969635009766,2.2153436046101227,0.0,7.374817302288971,2.2153436046101227,2.1551911555859116,4175.464826388889
C14,shawl_wrap,2026-07-20,0.4571428571428571,False,60.5,-0.0638750132851524,13,3,Nuapatna Sonepuri,Odisha,cotton,saree,2.2153436046101227,2.2743706246909237,4.0,4.0,4.0,2.9267750195969224,0.7362120390045032,3.14225833986564,1.152773143098302,4187.841061921297,0.9685267873004826,1.1867635810490853,4.0,3.6565797328948975,3.798515936700049,0.0,8.957989634378897,3.798515936700049,3.678964436681782,4187.841061921297
C15,shawl_wrap,2026-06-29,0.0,True,52.8,-0.0947897049591964,14,3,Pochampally Ikat,Telangana,cotton/silk,saree,4.0,3.0,3.0,3.0,2.0,3.5,0.5,4.416666666666667,1.9773017529507788,4804.776666666666,0.9433962264150944,2.0,2.0,4.334725379943848,3.3697792509626128,0.0,8.52925294864146,3.3697792509626128,3.1790370292100123,4804.776666666666
C15,shawl_wrap,2026-07-06,0.0571428571428571,False,55.0,-0.0914826498422712,14,3,Pochampally Ikat,Telangana,cotton/silk,saree,3.3697792509626128,4.0,4.0,8.0,7.0,3.592444812740653,0.42801088475330873,4.197481604246884,1.934967492929493,4832.456388888889,0.9366536389636525,0.19074222175260047,7.0,3.567901372909546,4.986393805870717,0.0,10.145867503549566,4.986393805870717,4.670523903574624,4832.456388888889
C15,shawl_wrap,2026-07-13,0.2571428571428571,False,64.8,-0.0778012684989428,14,3,Pochampally Ikat,Telangana,cotton/silk,saree,4.986393805870717,3.3697792509626128,3.0,2.0,6.0,3.8390432642083323,0.7527487378917564,4.029681088069444,1.764454101814249,4838.708587962963,0.9274836716311825,0.5066121240486936,6.0,3.5557684898376465,4.565973696122699,0.0,9.725447393801547,4.565973696122699,4.234866048251281,4838.708587962963
C15,shawl_wrap,2026-07-20,0.4571428571428571,False,60.5,-0.0638750132851524,14,3,Pochampally Ikat,Telangana,cotton/silk,saree,4.565973696122699,4.986393805870717,4.0,4.0,7.0,4.230536688239008,0.6078421873692456,4.243512229413002,1.65778211995716,4861.014303626544,0.9246355462871894,0.8377197719201135,7.0,4.810418605804443,5.715376468758395,0.5559027710795466,10.874850166437243,5.715376468758395,5.284640243427366,4861.014303626544
C16,shawl_wrap,2026-06-29,0.0,True,52.8,-0.0947897049591964,15,3,Gadwal,Telangana,silk-cotton,saree,6.0,3.0,2.0,2.0,3.0,4.25,1.7853571071357126,3.6666666666666665,1.8408935028645435,6619.511666666666,0.9545454545454546,0.0,3.0,3.2448458671569824,3.1436506371998445,0.0,8.303124334878692,3.1436506371998445,3.0007574264180334,6619.511666666666
C16,shawl_wrap,2026-07-06,0.0571428571428571,False,55.0,-0.0914826498422712,15,3,Gadwal,Telangana,silk-cotton,saree,3.1436506371998445,6.0,6.0,7.0,1.0,4.535912659299961,1.4649679789654455,3.761970886433321,1.7807638792641807,6586.303472222222,0.9525316809665366,0.1428932107818106,1.0,2.340092897415161,1.786230132678733,0.0,6.945703830357582,1.786230132678733,1.7014407908735534,6586.303472222222
C16,shawl_wrap,2026-07-13,0.2571428571428571,False,64.8,-0.0778012684989428,15,3,Gadwal,Telangana,silk-cotton,saree,1.786230132678733,3.1436506371998445,3.0,3.0,4.0,3.4824701924696444,1.5461858596153815,3.6608233974898816,1.8541310193804215,6605.053761574075,0.9492900387265688,0.227682552586991,4.0,3.7341489791870117,3.844025676302187,0.0,9.003499373981036,3.844025676302187,3.649095283122828,6605.053761574075
C16,shawl_wrap,2026-07-20,0.4571428571428571,False,60.5,-0.0638750132851524,15,3,Gadwal,Telangana,silk-cotton,saree,3.844025676302187,1.786230132678733,6.0,5.0,4.0,3.693476611545191,1.52336903733153,3.6478255371817307,1.8522535152966328,6644.406575038581,0.9446562314755959,0.42261294576634967,4.0,3.8810176849365234,3.930193286197383,0.0,9.089666983876231,3.930193286197383,3.712681578709908,6644.406575038581
C17,shawl_wrap,2026-06-29,0.0,True,52.8,-0.0947897049591964,16,3,Venkatagiri,Andhra Pradesh,cotton/silk,saree,6.0,2.0,7.0,6.0,4.0,4.75,1.920286436967152,5.916666666666667,2.1392496088322392,3996.463333333333,0.9154929577464789,0.0,4.0,4.458721160888672,4.26913089374901,0.0,9.428604591427858,4.26913089374901,3.9083592689251496,3996.463333333333
C17,shawl_wrap,2026-07-06,0.0571428571428571,False,55.0,-0.0914826498422712,16,3,Venkatagiri,Andhra Pradesh,cotton/silk,saree,4.26913089374901,6.0,4.0,10.0,2.0,4.067282723437252,1.4190070100670402,5.605760907812417,2.084282736763966,4000.6669444444447,0.9203085939479262,0.36077162482385816,2.0,4.468472480773926,3.4482484384598813,0.0,8.60772213613873,3.4482484384598813,3.1734526719821456,4000.6669444444447
C17,shawl_wrap,2026-07-13,0.2571428571428571,False,64.8,-0.0778012684989428,16,3,Venkatagiri,Andhra Pradesh,cotton/silk,saree,3.4482484384598813,4.26913089374901,2.0,5.0,6.0,3.9293448330522227,1.445414526456548,5.226448277684074,2.0274523563991442,3996.2108564814807,0.9101434490518099,0.6355673913015956,6.0,5.165843963623047,5.510602128837164,0.3511284311583154,10.670075826516012,5.510602128837164,5.015438427892102,3996.2108564814807
C17,shawl_wrap,2026-07-20,0.4571428571428571,False,60.5,-0.0638750132851524,16,3,Venkatagiri,Andhra Pradesh,cotton/silk,saree,5.510602128837164,3.4482484384598813,6.0,3.0,6.0,4.806995365261514,1.0067042685249248,5.185665121753838,2.0163737799152583,4013.9267611882715,0.9175494532880127,1.1307310922466591,6.0,5.345594882965088,5.6160616752880195,0.45658797760917125,10.775535372966868,5.6160616752880195,5.153014319792283,4013.9267611882715
C18,shawl_wrap,2026-06-29,0.0,True,52.8,-0.0947897049591964,17,3,Mangalagiri,Andhra Pradesh,cotton,saree,7.0,9.0,5.0,1.0,6.0,7.0,1.4142135623730951,5.166666666666667,2.8819360776317637,2491.275,0.967741935483871,1.0,6.0,5.141059398651123,5.496061068404826,0.33658737072597766,10.655534766083674,5.496061068404826,5.318768775875638,2491.275
C18,shawl_wrap,2026-07-06,0.0571428571428571,False,55.0,-0.0914826498422712,17,3,Mangalagiri,Andhra Pradesh,cotton,saree,5.496061068404826,7.0,7.0,3.0,6.0,7.124015267101207,1.2450214018311996,5.374671755700402,2.8071564718493973,2493.5429166666668,0.9662414687585349,0.177292292529188,6.0,3.7295584678649902,4.667935968847395,0.0,9.827409666526243,4.667935968847395,4.510353306609901,2493.5429166666668
C18,shawl_wrap,2026-07-13,0.2571428571428571,False,64.8,-0.0778012684989428,17,3,Mangalagiri,Andhra Pradesh,cotton,saree,4.667935968847395,5.496061068404826,9.0,10.0,6.0,6.540999259313056,1.6475457683747905,5.430333086437685,2.785888612288971,2480.749826388889,0.964169248957643,0.3348749547666827,6.0,5.186160087585449,5.522521562832588,0.36304786515373966,10.681995260511435,5.522521562832588,5.324645467588685,2480.749826388889
C18,shawl_wrap,2026-07-20,0.4571428571428571,False,60.5,-0.0638750132851524,17,3,Mangalagiri,Andhra Pradesh,cotton,saree,5.522521562832588,4.667935968847395,7.0,1.0,3.0,5.6716296500212025,0.8403907336541223,5.223876550007067,2.6774976404017066,2482.632311921296,0.9595965590916201,0.5327510500105852,3.0,5.698132038116455,4.582989294551753,0.0,9.742462992230601,4.582989294551753,4.397820757405594,2482.632311921296
C19,shawl_wrap,2026-06-29,0.0,True,52.8,-0.0947897049591964,18,3,Kanchipuram Kanjeevaram,Tamil Nadu,silk,saree,2.0,1.0,0.0,0.0,1.0,0.75,0.82915619758885,0.9166666666666666,1.114924013354971,15149.755833333335,0.9090909090909091,0.0,1.0,1.0083647966384888,1.004907611392908,0.0,6.164381309071756,1.004907611392908,0.9135523739935527,15149.755833333335
C19,shawl_wrap,2026-07-06,0.0571428571428571,False,55.0,-0.0914826498422712,18,3,Kanchipuram Kanjeevaram,Tamil Nadu,silk,saree,1.004907611392908,2.0,0.0,0.0,0.0,1.001226902848227,0.7071099743829081,1.0004089676160757,1.080124301396042,15061.816319444442,0.9090909090909091,0.09135523739935536,0.0,0.6621348261833191,0.3884733313977425,0.0,5.547947029076591,0.3884733313977425,0.3531575739979477,15061.816319444442
C19,shawl_wrap,2026-07-13,0.2571428571428571,False,64.8,-0.0778012684989428,18,3,Kanchipuram Kanjeevaram,Tamil Nadu,silk,saree,0.3884733313977425,1.004907611392908,1.0,4.0,1.0,1.0983452356976626,0.5777762996012479,0.9494484118992209,1.0932872218813023,14985.52851273148,0.9011117946063174,0.12667099479915045,1.0,1.0522655248641968,1.0306640909953053,0.0,6.1901377886741535,1.0306640909953053,0.9287435686730684,14985.52851273148
C19,shawl_wrap,2026-07-20,0.4571428571428571,False,60.5,-0.0638750132851524,18,3,Kanchipuram Kanjeevaram,Tamil Nadu,silk,saree,1.0306640909953053,0.3884733313977425,2.0,1.0,1.0,1.106011258446489,0.5766228598200678,0.9520037528154964,1.0934382150130983,15077.703388792439,0.8924556482850078,0.22859151712138726,1.0,0.9239881038665771,0.9554039549814668,0.0,6.114877652660315,0.9554039549814668,0.8526556560170453,15077.703388792439
C20,shawl_wrap,2026-06-29,0.0,True,52.8,-0.0947897049591964,19,3,Arani Silk,Tamil Nadu,silk,saree,2.0,5.0,0.0,2.0,4.0,3.0,2.1213203435596424,2.6666666666666665,1.9293061504650373,6952.031666666667,0.9375,1.0,4.0,2.244577407836914,2.970096670010144,0.0,8.129570367688991,2.970096670010144,2.78446562813451,6952.031666666667
C20,shawl_wrap,2026-07-06,0.0571428571428571,False,55.0,-0.0914826498422712,19,3,Arani Silk,Tamil Nadu,silk,saree,2.970096670010144,2.0,5.0,3.0,1.0,3.742524167502536,1.3034114519064142,2.830841389167512,1.8631854126226757,6935.211805555556,0.9356601465369047,1.1856310418756326,1.0,1.868476390838623,1.5095335624227695,0.0,6.669007260101617,1.5095335624227695,1.4124103942188642,6935.211805555556
C20,shawl_wrap,2026-07-13,0.2571428571428571,False,64.8,-0.0778012684989428,19,3,Arani Silk,Tamil Nadu,silk,saree,1.5095335624227695,2.970096670010144,5.0,4.0,2.0,2.869907558108228,1.3374124491849164,2.7066358527027425,1.8971389453519933,6923.487789351852,0.9297173584260799,0.2827542100795366,2.0,2.516252040863037,2.3028841592745692,0.0,7.4623578569534175,2.3028841592745692,2.1410313773220166,6923.487789351852
C20,shawl_wrap,2026-07-20,0.4571428571428571,False,60.5,-0.0638750132851524,19,3,Arani Silk,Tamil Nadu,silk,saree,2.3028841592745692,1.5095335624227695,2.0,1.0,1.0,2.195628597926871,0.5292214792000131,2.3985428659756236,1.6167701005722583,6945.138438464507,0.9150662461672768,0.4446069920320923,1.0,2.5404207706451416,1.9037621415809944,0.0,7.063235839259843,1.9037621415809944,1.7420684764918963,6945.138438464507
C21,shawl_wrap,2026-06-29,0.0,True,52.8,-0.0947897049591964,20,3,Salem,Tamil Nadu,cotton,yardage_fabric,34.0,30.0,30.0,30.0,30.0,29.0,4.358898943540674,30.75,4.342138490037676,921.435,0.943089430894309,9.0,30.0,30.05797576904297,30.03401428115523,24.87454058347638,35.19348797883408,30.03401428115523,28.324761435886234,921.435
C21,shawl_wrap,2026-07-06,0.0571428571428571,False,55.0,-0.0914826498422712,20,3,Salem,Tamil Nadu,cotton,yardage_fabric,30.03401428115523,34.0,22.0,31.0,24.0,29.00850357028881,4.360874232616734,30.41950119009627,4.231719331325983,919.9437499999999,0.9432676078527893,8.709252845269006,24.0,24.212858200073242,24.124883529498696,18.965409831819848,29.284357227177544,24.124883529498696,22.756221176597393,919.9437499999999
C21,shawl_wrap,2026-07-13,0.2571428571428571,False,64.8,-0.0778012684989428,20,3,Salem,Tamil Nadu,cotton,yardage_fabric,24.124883529498696,30.03401428115523,30.0,31.0,32.0,29.539724452663485,3.523873443931212,29.429908150887826,4.199385807434509,922.6340624999999,0.9374844713384302,10.077915198170317,32.0,31.85857391357422,31.917025565235626,26.757551867556778,37.076499262914474,31.917025565235626,29.921715838720083,922.6340624999999
C21,shawl_wrap,2026-07-20,0.4571428571428571,False,60.5,-0.0638750132851524,20,3,Salem,Tamil Nadu,cotton,yardage_fabric,31.917025565235626,24.124883529498696,34.0,37.0,38.0,30.018980843972393,3.680750481942968,30.17299361465746,3.7620253415159466,923.2560677083333,0.9335133231167811,9.07322492468586,38.0,34.939476013183594,36.20439599011199,31.044922292433142,41.36386968779084,36.20439599011199,33.79728601216531,923.2560677083333
C22,shawl_wrap,2026-06-29,0.0,True,52.8,-0.0947897049591964,21,3,Ilkal,Karnataka,cotton/silk,saree,5.0,4.0,7.0,1.0,8.0,5.25,1.0897247358851685,4.916666666666667,1.8008485654145256,3825.439166666667,1.0,0.0,8.0,5.415273666381836,6.483545631695672,1.3240719340168239,11.643019329374521,6.483545631695672,6.483545631695672,3825.439166666667
C22,shawl_wrap,2026-07-06,0.0571428571428571,False,55.0,-0.0914826498422712,21,3,Ilkal,Karnataka,cotton/silk,saree,6.483545631695672,5.0,5.0,4.0,3.0,5.120886407923918,0.8863483438863524,4.7902954693079725,1.6246331831885967,3780.9349305555565,1.0,0.0,3.0,4.7986741065979,4.055278917009407,0.0,9.214752614688255,4.055278917009407,4.055278917009407,3780.9349305555565
C22,shawl_wrap,2026-07-13,0.2571428571428571,False,64.8,-0.0778012684989428,21,3,Ilkal,Karnataka,cotton/silk,saree,4.055278917009407,6.483545631695672,4.0,6.0,3.0,4.88470613717627,1.0050167743315235,4.628235379058757,1.5925581717624213,3763.4420081018525,1.0,0.0,3.0,5.780675411224365,4.631417345558934,0.0,9.790891043237782,4.631417345558934,4.631417345558934,3763.4420081018525
C22,shawl_wrap,2026-07-20,0.4571428571428571,False,60.5,-0.0638750132851524,21,3,Ilkal,Karnataka,cotton/silk,saree,4.631417345558934,4.055278917009407,5.0,3.0,3.0,5.042560473566003,0.8974983514587092,4.680853491188668,1.5813234122639048,3787.7155087770066,1.0,0.0,3.0,5.7814459800720215,4.631869436938942,0.0,9.79134313461779,4.631869436938942,4.631869436938942,3787.7155087770066
C23,shawl_wrap,2026-06-29,0.0,True,52.8,-0.0947897049591964,22,3,Molakalmuru,Karnataka,silk,saree,3.0,5.0,3.0,1.0,2.0,4.25,1.299038105676658,3.75,1.5343293866268306,8851.491666666669,0.9777777777777777,0.0,2.0,3.5071163177490234,2.8842224779727363,0.0,8.043696175651585,2.8842224779727363,2.820128645128898,8851.491666666669
C23,shawl_wrap,2026-07-06,0.0571428571428571,False,55.0,-0.0914826498422712,22,3,Molakalmuru,Karnataka,silk,saree,2.8842224779727363,3.0,6.0,6.0,2.0,4.221055619493184,1.3275444560374654,3.573685206497728,1.5017774979657352,8802.60013888889,0.975186822300663,0.06409383284383807,2.0,2.266051769256592,2.1560921024546094,0.0,7.315565800133458,2.1560921024546094,2.102592605980266,8802.60013888889
C23,shawl_wrap,2026-07-13,0.2571428571428571,False,64.8,-0.0778012684989428,22,3,Molakalmuru,Karnataka,silk,saree,2.1560921024546094,2.8842224779727363,5.0,4.0,3.0,3.2600786451068364,1.055346076837336,3.5866928817022785,1.4887098028400512,8801.041817129631,0.974033802024616,0.117593329318181,3.0,3.2354624271392822,3.138145389538037,0.0,8.297619087216885,3.138145389538037,3.056659685077754,8801.041817129631
C23,shawl_wrap,2026-07-20,0.4571428571428571,False,60.5,-0.0638750132851524,22,3,Molakalmuru,Karnataka,silk,saree,3.138145389538037,2.1560921024546094,3.0,2.0,2.0,2.7946149924913457,0.3794526049322732,3.5148716641637816,1.4878271392675146,8744.957801890432,0.9715712941005359,0.1990790337784638,2.0,3.5771212577819824,2.925294252471687,0.0,8.084767950150535,2.925294252471687,2.8421319224987767,8744.957801890432
C24,shawl_wrap,2026-06-29,0.0,True,52.8,-0.0947897049591964,23,3,Guledgudda Khana,Karnataka,cotton,dupatta,17.0,16.0,13.0,16.0,21.0,13.5,3.5,14.0,3.3416562759605704,1541.1791666666666,0.9166666666666666,7.0,21.0,15.064981460571289,17.517935120239535,12.358461422560687,22.677408817918383,17.517935120239535,16.058107193552907,1541.1791666666666
C24,shawl_wrap,2026-07-06,0.0571428571428571,False,55.0,-0.0914826498422712,23,3,Guledgudda Khana,Karnataka,cotton,dupatta,17.517935120239535,17.0,8.0,17.0,13.0,14.629483780059884,3.8662277543097754,14.126494593353295,3.4421874939787367,1542.4082638888885,0.9147003063927704,7.4598279266866285,13.0,13.399677276611328,13.23448995127496,8.075016253596111,18.393963648953807,13.23448995127496,12.105592013383246,1542.4082638888885
C24,shawl_wrap,2026-07-13,0.2571428571428571,False,64.8,-0.0778012684989428,23,3,Guledgudda Khana,Karnataka,cotton,dupatta,13.23448995127496,17.517935120239535,16.0,13.0,7.0,15.938106267878624,1.653545397211106,14.646035422626207,2.7226447304269534,1534.1697858796294,0.9226825697622719,8.588725864578343,7.0,15.101506233215332,11.753139377818188,6.59366568013934,16.912613075497035,11.753139377818188,10.844416843899436,1534.1697858796294
C24,shawl_wrap,2026-07-20,0.4571428571428571,False,60.5,-0.0638750132851524,23,3,Guledgudda Khana,Karnataka,cotton,dupatta,11.753139377818188,13.23448995127496,17.0,17.0,19.0,14.87639111233317,2.4463242974572443,14.625463704111057,2.7434132885042604,1537.3047680362654,0.9173960754806585,7.497448398497092,19.0,16.610881805419922,17.598308580895385,12.438834883216536,22.757782278574233,17.598308580895385,16.144619227211024,1537.3047680362654
C25,shawl_wrap,2026-06-29,0.0,True,52.8,-0.0947897049591964,24,3,Sualkuchi Muga Silk,Assam,silk,saree,0.0,5.0,1.0,0.0,2.0,2.0,1.8708286933869707,1.3333333333333333,1.6499158227686108,11899.219166666668,0.9375,1.0,2.0,1.647452712059021,1.793161129718687,0.0,6.952634827397535,1.793161129718687,1.681088559111269,11899.219166666668
C25,shawl_wrap,2026-07-06,0.0571428571428571,False,55.0,-0.0914826498422712,24,3,Sualkuchi Muga Silk,Assam,silk,saree,1.793161129718687,0.0,2.0,4.0,0.0,2.1982902824296717,1.7948193623478585,1.3160967608098906,1.643930722165692,11984.921597222223,0.9295851817458645,1.1120725706074177,0.0,1.2262704372406006,0.7194506966131599,0.0,5.878924394292008,0.7194506966131599,0.668790706568333,11984.921597222223
C25,shawl_wrap,2026-07-13,0.2571428571428571,False,64.8,-0.0778012684989428,24,3,Sualkuchi Muga Silk,Assam,silk,saree,0.7194506966131599,1.793161129718687,5.0,2.0,5.0,1.8781529565829618,1.9120147769241924,1.3760509855276537,1.607556125633245,12003.077563657409,0.9295851817458646,1.1627325606522447,5.0,1.9280753135681152,3.1977072198121093,0.0,8.357180917490957,3.1977072198121093,2.972541247099103,12003.077563657409
C25,shawl_wrap,2026-07-20,0.4571428571428571,False,60.5,-0.0638750132851524,24,3,Sualkuchi Muga Silk,Assam,silk,saree,3.1977072198121093,0.7194506966131599,0.0,0.0,3.0,1.427579761535989,1.2048269277619341,1.642526587178663,1.6223348537053064,12064.664860628856,0.9295851817458645,0.3878985333652514,3.0,1.9275156259536743,2.3707753146600847,0.0,7.530249012338933,2.3707753146600847,2.203837601756904,12064.664860628856
C26,shawl_wrap,2026-06-29,0.0,True,52.8,-0.0947897049591964,25,3,Barpeta,Assam,cotton,yardage_fabric,24.0,27.0,26.0,14.0,25.0,25.75,1.0897247358851685,22.583333333333332,4.251633672941366,1089.8575,0.9261992619926199,9.0,25.0,20.75562858581543,22.509834798357016,17.350361100678168,27.669308496035864,22.509834798357016,20.84859237781406,1089.8575
C26,shawl_wrap,2026-07-06,0.0571428571428571,False,55.0,-0.0914826498422712,25,3,Barpeta,Assam,cotton,yardage_fabric,22.509834798357016,24.0,26.0,19.0,20.0,24.877458699589255,1.742186646878587,22.625819566529753,4.248138121218497,1093.1847916666668,0.920219308311133,8.661242420542962,20.0,17.395835876464844,18.47214151473117,13.312667817052322,23.63161521241002,18.47214151473117,16.99842128771128,1093.1847916666668
C26,shawl_wrap,2026-07-13,0.2571428571428571,False,64.8,-0.0778012684989428,25,3,Barpeta,Assam,cotton,yardage_fabric,18.47214151473117,22.509834798357016,27.0,19.0,22.0,22.995494078272046,3.0717130063777187,22.415164692757347,4.384037107776646,1090.0518576388888,0.9177083797547897,9.134962647562844,22.0,19.247209548950195,20.384942711255093,15.225469013576244,25.54441640893394,20.384942711255093,18.70743274694012,1090.0518576388888
C26,shawl_wrap,2026-07-20,0.4571428571428571,False,60.5,-0.0638750132851524,25,3,Barpeta,Assam,cotton,yardage_fabric,20.384942711255093,18.47214151473117,24.0,28.0,27.0,21.34172975608582,2.096476103103475,22.61390991869527,4.230755472335465,1096.3170124421297,0.9159349537007075,5.8124726118778085,27.0,20.984039306640625,23.470446501691555,18.310972804012707,28.629920199370403,23.470446501691555,21.49740232986179,1096.3170124421297
C27,shawl_wrap,2026-06-29,0.0,True,52.8,-0.0947897049591964,26,3,Chanderi,Madhya Pradesh,cotton-silk,saree,2.0,3.0,1.0,2.0,2.0,2.0,0.7071067811865476,3.3333333333333335,1.6499158227686108,5610.822499999999,0.95,0.0,2.0,2.5998620986938477,2.3519380323220203,0.0,7.5114117300008685,2.3519380323220203,2.234341130705919,5610.822499999999
C27,shawl_wrap,2026-07-06,0.0571428571428571,False,55.0,-0.0914826498422712,26,3,Chanderi,Madhya Pradesh,cotton-silk,saree,2.3519380323220203,2.0,2.0,6.0,7.0,2.3379845080805053,0.40832776901192114,3.3626615026935016,1.6289491481606517,5614.136875,0.947521804283108,0.11759690161610159,7.0,3.1436209678649902,4.737469242659766,0.0,9.896942940338615,4.737469242659766,4.48885540454071,5614.136875
C27,shawl_wrap,2026-07-13,0.2571428571428571,False,64.8,-0.0778012684989428,26,3,Chanderi,Madhya Pradesh,cotton-silk,saree,4.737469242659766,2.3519380323220203,3.0,3.0,2.0,3.0223518187454466,1.0531838951406396,3.340783939581815,1.6084459207937467,5613.67828125,0.9908651495587542,0.3662107397351573,2.0,2.824753522872925,2.4838814331203363,0.0,7.6433551307991845,2.4838814331203363,2.4611915477149946,5613.67828125
C27,shawl_wrap,2026-07-20,0.4571428571428571,False,60.5,-0.0638750132851524,26,3,Chanderi,Madhya Pradesh,cotton-silk,saree,2.4838814331203363,4.737469242659766,2.0,6.0,4.0,2.8933221770255306,1.0793101299625358,3.29777405900851,1.6238105743280842,5670.048138020834,0.9901726483232395,0.38890062514049895,4.0,2.953964948654175,3.3862930855073055,0.0,8.545766783186153,3.3862930855073055,3.3530147924754425,5670.048138020834
C28,shawl_wrap,2026-06-29,0.0,True,52.8,-0.0947897049591964,27,3,Maheshwar,Madhya Pradesh,cotton-silk,saree,1.0,2.0,4.0,4.0,2.0,3.25,1.920286436967152,3.25,1.299038105676658,5031.1033333333335,0.9487179487179487,0.0,2.0,3.0518112182617188,2.6170957814058893,0.0,7.7765694790847375,2.6170957814058893,2.482885741333792,5031.1033333333335
C28,shawl_wrap,2026-07-06,0.0571428571428571,False,55.0,-0.0914826498422712,27,3,Maheshwar,Madhya Pradesh,cotton-silk,saree,2.6170957814058893,1.0,6.0,3.0,4.0,2.9042739453514725,1.8781614500930741,3.218091315117157,1.309448031928682,5005.138611111111,0.9706293283551836,0.13421004007209802,4.0,2.4833791255950928,3.110201215448054,0.0,8.269674913126902,3.110201215448054,3.01885251679982,5005.138611111111
C28,shawl_wrap,2026-07-13,0.2571428571428571,False,64.8,-0.0778012684989428,27,3,Maheshwar,Madhya Pradesh,cotton-silk,saree,3.110201215448054,2.6170957814058893,2.0,4.0,3.0,2.181824249213486,0.7875775694817448,3.3106080830711613,1.2583398909301657,5030.07599537037,0.9691507142099955,0.22555873872033239,3.0,2.812437057495117,2.8899571533767023,0.0,8.04943085105555,2.8899571533767023,2.8008040392313167,5030.07599537037
C28,shawl_wrap,2026-07-20,0.4571428571428571,False,60.5,-0.0638750132851524,27,3,Maheshwar,Madhya Pradesh,cotton-silk,saree,2.8899571533767023,3.110201215448054,1.0,4.0,4.0,2.4043135375576616,0.8293822897868152,3.3847711791858863,1.2039616221946603,5033.501494984567,0.9676316905125344,0.31471185286571846,4.0,3.1717617511749268,3.5140740843270053,0.0,8.673547782005853,3.5140740843270053,3.4003294468036263,5033.501494984567
C29,shawl_wrap,2026-06-29,0.0,True,52.8,-0.0947897049591964,28,3,Paithan Paithani,Maharashtra,silk,saree,3.0,0.0,2.0,1.0,1.0,2.0,1.224744871391589,1.8333333333333333,1.0671873729054748,19895.721666666668,1.0,0.0,1.0,1.8200193643569946,1.4811039106923904,0.0,6.640577608371238,1.4811039106923904,1.4811039106923904,19895.721666666668
C29,shawl_wrap,2026-07-06,0.0571428571428571,False,55.0,-0.0914826498422712,28,3,Paithan Paithani,Maharashtra,silk,saree,1.4811039106923904,3.0,3.0,3.0,0.0,1.8702759776730975,1.2451847115613057,1.8734253258910325,1.0439108907528631,19778.638472222225,1.0,0.0,0.0,1.2366104125976562,0.725517141866734,0.0,5.8849908395455826,0.725517141866734,0.725517141866734,19778.638472222225
C29,shawl_wrap,2026-07-13,0.2571428571428571,False,64.8,-0.0778012684989428,28,3,Paithan Paithani,Maharashtra,silk,saree,0.725517141866734,1.4811039106923904,0.0,1.0,1.0,1.301655263139781,1.1116224877597605,1.850551754379927,1.0655805291697127,19776.267511574075,1.0,0.0,1.0,1.8930473327636719,1.5239492905913425,0.0,6.683422988270191,1.5239492905913425,1.5239492905913425,19776.267511574075
C29,shawl_wrap,2026-07-20,0.4571428571428571,False,60.5,-0.0638750132851524,28,3,Paithan Paithani,Maharashtra,silk,saree,1.5239492905913425,0.725517141866734,3.0,1.0,0.0,1.6826425857876166,0.8242149403645378,1.7275475285958724,1.0095139009696759,19696.168137538585,1.0,0.0,0.0,1.5480597019195557,0.9082438890486445,0.0,6.067717586727492,0.9082438890486445,0.9082438890486445,19696.168137538585
C30,shawl_wrap,2026-06-29,0.0,True,52.8,-0.0947897049591964,29,3,Solapur,Maharashtra,cotton,home_furnishing,16.0,9.0,10.0,8.0,10.0,11.5,2.692582403567252,10.75,3.031088913245535,1789.9791666666667,0.9534883720930233,0.0,10.0,10.10116958618164,10.059356017273181,4.899882319594333,15.21882971495203,10.059356017273181,9.591478993213963,1789.9791666666667
C30,shawl_wrap,2026-07-06,0.0571428571428571,False,55.0,-0.0914826498422712,29,3,Solapur,Maharashtra,cotton,home_furnishing,10.059356017273181,16.0,11.0,10.0,7.0,11.514839004318295,2.684426116545693,10.921613001439432,2.927044539629809,1792.4874305555559,0.950649253738079,0.46787702405922005,7.0,8.295165061950684,7.759871051076004,2.600397353397156,12.919344748754853,7.759871051076004,7.376915623809126,1792.4874305555559
C30,shawl_wrap,2026-07-13,0.2571428571428571,False,64.8,-0.0778012684989428,29,3,Solapur,Maharashtra,cotton,home_furnishing,7.759871051076004,10.059356017273181,9.0,14.0,12.0,10.704806767087296,3.1636486265412627,10.568268922362433,3.0296664561619973,1784.888883101852,0.9538647838614188,0.8508324513260987,12.0,12.752067565917969,12.44123671073519,7.2817630130563415,17.600710408414038,12.44123671073519,11.867257566054171,1784.888883101852
C30,shawl_wrap,2026-07-20,0.4571428571428571,False,60.5,-0.0638750132851524,29,3,Solapur,Maharashtra,cotton,home_furnishing,12.44123671073519,7.759871051076004,16.0,5.0,10.0,11.565115944771094,3.0488926612841,10.688371981590365,3.0726626035352913,1787.773790027006,0.9577047249310527,1.4248115960071175,10.0,11.189886093139648,10.698104066282458,5.538630368603609,15.857577763961306,10.698104066282458,10.245624812082818,1787.773790027006
C31,shawl_wrap,2026-06-29,0.0,True,52.8,-0.0947897049591964,30,3,Kota Doria,Rajasthan,cotton-silk,saree,3.0,8.0,8.0,7.0,7.0,5.0,3.082207001484488,4.916666666666667,2.2157893000513886,4220.569166666667,0.9152542372881356,2.0,7.0,4.992605209350586,5.822265026823781,0.662791329144933,10.98173872450263,5.822265026823781,5.328852736414986,4220.569166666667
C31,shawl_wrap,2026-07-06,0.0571428571428571,False,55.0,-0.0914826498422712,30,3,Kota Doria,Rajasthan,cotton-silk,saree,5.822265026823781,3.0,1.0,3.0,3.0,4.4555662567059455,2.668824056161665,5.151855418901982,2.148631327057195,4194.046597222223,0.9111418469053943,2.493412290408795,3.0,3.9035391807556152,3.530104839251187,0.0,8.689578536930036,3.530104839251187,3.216426243004997,4194.046597222223
C31,shawl_wrap,2026-07-13,0.2571428571428571,False,64.8,-0.0778012684989428,30,3,Kota Doria,Rajasthan,cotton-silk,saree,3.530104839251187,5.822265026823781,8.0,5.0,9.0,5.088092466518742,1.9878172971440855,4.946030822172914,2.1756562131164454,4193.529646990741,0.9021590730116029,2.8070908866549864,9.0,5.418533802032471,6.898760116224946,1.7392864185460981,12.058233813903794,6.898760116224946,6.223779031382915,4193.529646990741
C31,shawl_wrap,2026-07-20,0.4571428571428571,False,60.5,-0.0638750132851524,30,3,Kota Doria,Rajasthan,cotton-silk,saree,6.898760116224946,3.530104839251187,3.0,5.0,7.0,4.812782495574979,1.6048208592428885,4.937594165191659,2.1678573845750586,4199.63878423997,0.9243546583358673,1.4820719714970174,7.0,5.750175952911377,6.266730442148494,1.1072567444696455,11.426204139827341,6.266730442148494,5.792681476735149,4199.63878423997
C32,shawl_wrap,2026-06-29,0.0,True,52.8,-0.0947897049591964,31,3,Balaramapuram,Kerala,cotton,saree,8.0,14.0,13.0,9.0,7.0,12.25,2.48746859276655,11.333333333333334,3.223179934302286,3183.985,0.9264705882352942,2.0,7.0,8.065479278564453,7.625114808210679,2.4656411105318305,12.784588505889527,7.625114808210679,7.0644446017246,3183.985
C32,shawl_wrap,2026-07-06,0.0571428571428571,False,55.0,-0.0914826498422712,31,3,Balaramapuram,Kerala,cotton,saree,7.625114808210679,8.0,14.0,11.0,10.0,10.90627870205267,3.096559192515263,11.218759567350888,3.3268551350846374,3190.0729166666665,0.9364110461953422,1.5606702064860798,10.0,8.221535682678223,8.956578130613654,3.7971044329348054,14.116051828292502,8.956578130613654,8.387038697618253,3190.0729166666665
C32,shawl_wrap,2026-07-13,0.2571428571428571,False,64.8,-0.0778012684989428,31,3,Balaramapuram,Kerala,cotton,saree,8.956578130613654,7.625114808210679,14.0,19.0,17.0,9.645423234706083,2.5605619569612403,11.298474411568696,3.2595549197923464,3196.6089930555554,0.9326589789404597,2.1302096394814782,17.0,11.340824127197266,13.679771524863511,8.520297827184663,18.83924522254236,13.679771524863511,12.758561742517978,3196.6089930555554
C32,shawl_wrap,2026-07-20,0.4571428571428571,False,60.5,-0.0638750132851524,31,3,Balaramapuram,Kerala,cotton,saree,13.679771524863511,8.956578130613654,8.0,8.0,11.0,9.565366115921961,2.424556706603043,11.355122038640653,3.2943544950866954,3187.5339091435185,0.9482508172829294,3.0514194218270134,11.0,11.28795337677002,11.168941736845161,6.009468039166313,16.32841543452401,11.168941736845161,10.590958130148845,3187.5339091435185
C33,shawl_wrap,2026-06-29,0.0,True,52.8,-0.0947897049591964,32,3,Srinagar Pashmina,Jammu & Kashmir,wool,shawl_wrap,7.0,1.0,3.0,4.0,9.0,4.5,2.598076211353316,4.833333333333333,1.9075871903765995,24953.87083333333,0.8793103448275862,3.0,9.0,4.610986709594727,6.424973665407757,1.2654999677289087,11.584447363086605,6.424973665407757,5.649545809237855,24953.87083333333
C33,shawl_wrap,2026-07-06,0.0571428571428571,False,55.0,-0.0914826498422712,32,3,Srinagar Pashmina,Jammu & Kashmir,wool,shawl_wrap,6.424973665407757,7.0,7.0,5.0,2.0,5.356243416351939,2.5260103157117753,5.20208113878398,1.745004978676729,24840.04090277778,0.87544363418004,3.775427856169898,2.0,4.724183559417725,3.5982736760216403,0.0,8.75774737370049,3.5982736760216403,3.1500857837107565,24840.04090277778
C33,shawl_wrap,2026-07-13,0.2571428571428571,False,64.8,-0.0778012684989428,32,3,Srinagar Pashmina,Jammu & Kashmir,wool,shawl_wrap,3.5982736760216403,6.424973665407757,1.0,5.0,7.0,4.505811835357349,2.39887988789289,5.001937278452449,1.779403963828569,24849.876811342594,0.8796530333090645,3.2236157484807855,7.0,4.948029518127441,5.796112547624601,0.6366388499457525,10.955586245303449,5.796112547624601,5.09856798391871,24849.876811342594
C33,shawl_wrap,2026-07-20,0.4571428571428571,False,60.5,-0.0638750132851524,32,3,Srinagar Pashmina,Jammu & Kashmir,wool,shawl_wrap,5.796112547624601,3.5982736760216403,7.0,5.0,7.0,5.7048399722635,1.28860237048936,4.984946657421166,1.7707451958956737,25036.107378954475,0.8842989907444139,3.9211603121866787,7.0,5.592306137084961,6.174108500428943,1.0146348027500949,11.333582198107791,6.174108500428943,5.459757915675821,25036.107378954475
C34,shawl_wrap,2026-06-29,0.0,True,52.8,-0.0947897049591964,33,3,Bhagalpur Tussar,Bihar,silk,saree,3.0,1.0,1.0,3.0,4.0,1.5,0.8660254037844386,2.5833333333333335,1.8911342863183696,5894.203333333334,0.9032258064516129,1.0,4.0,3.307187080383301,3.593527885445522,0.0,8.75300158312437,3.593527885445522,3.2457671223378908,5894.203333333334
C34,shawl_wrap,2026-07-06,0.0571428571428571,False,55.0,-0.0914826498422712,33,3,Bhagalpur Tussar,Bihar,silk,saree,3.593527885445522,3.0,1.0,2.0,4.0,2.1483819713613803,1.1673969209305075,2.6327939904537936,1.909061556311531,5908.659444444445,0.8940365009173327,1.3477607631076305,4.0,3.0701987743377686,3.4544872654520242,0.0,8.613960963130872,3.4544872654520242,3.0884377072682128,5908.659444444445
C34,shawl_wrap,2026-07-13,0.2571428571428571,False,64.8,-0.0778012684989428,33,3,Bhagalpur Tussar,Bihar,silk,saree,3.4544872654520242,3.593527885445522,1.0,6.0,2.0,2.7620037877243866,1.0407047176107804,2.420667929241462,1.6464944135634296,5922.551898148147,0.8721492569458162,1.713810321291442,2.0,2.7332510948181152,2.430197120421773,0.0,7.589670818100622,2.430197120421773,2.1194946128077117,5922.551898148147
C34,shawl_wrap,2026-07-20,0.4571428571428571,False,60.5,-0.0638750132851524,33,3,Bhagalpur Tussar,Bihar,silk,saree,2.430197120421773,3.4544872654520242,3.0,0.0,5.0,3.11955306782983,0.45451556703952267,2.5398510226099433,1.5901431898343241,5932.109556327159,0.8679544327246299,2.024512828905504,5.0,3.4936563968658447,4.116230872325099,0.0,9.275704570003947,4.116230872325099,3.57270083175254,5932.109556327159
C01,stole,2026-06-29,0.0,True,52.8,-0.0947897049591964,0,4,Patan Patola,Gujarat,silk,saree,0.0,0.0,0.0,0.0,1.0,0.0,0.0,0.16666666666666666,0.3726779962499649,44919.9575,1.0,0.0,1.0,0.59889155626297,0.7676111569323016,0.0,5.271414881655695,0.7676111569323016,0.7676111569323016,44919.9575
C01,stole,2026-07-06,0.0571428571428571,False,55.0,-0.0914826498422712,0,4,Patan Patola,Gujarat,silk,saree,0.7676111569323016,0.0,0.0,1.0,0.0,0.1919027892330754,0.33238538106586835,0.23063426307769178,0.4032080654556929,44922.956458333334,1.0,0.0,0.0,0.6248892545700073,0.3620399749304857,0.0,4.86584369965388,0.3620399749304857,0.3620399749304857,44922.956458333334
C01,stole,2026-07-13,0.2571428571428571,False,64.8,-0.0778012684989428,0,4,Patan Patola,Gujarat,silk,saree,0.3620399749304857,0.7676111569323016,0.0,1.0,0.0,0.28241278296569683,0.3167301342487379,0.26080426098856563,0.3983375328680765,44814.03616319445,1.0,0.0,0.0,0.7049752473831177,0.40843912584930375,0.0,4.912242850572698,0.40843912584930375,0.40843912584930375,44814.03616319445
C01,stole,2026-07-20,0.4571428571428571,False,60.5,-0.0638750132851524,0,4,Patan Patola,Gujarat,silk,saree,0.40843912584930375,0.3620399749304857,0.0,0.0,1.0,0.3845225644280228,0.27188781739990897,0.2948408548093409,0.3919979586726954,44694.51501012731,1.0,0.0,1.0,0.5370610952377319,0.73178865175109,0.0,5.235592376474484,0.73178865175109,0.73178865175109,44694.51501012731
C02,stole,2026-06-29,0.0,True,52.8,-0.0947897049591964,1,4,Surendranagar Tangaliya,Gujarat,wool,shawl_wrap,0.0,3.0,4.0,10.0,13.0,2.75,1.6393596310755,5.0,2.273030282830976,4464.706666666666,0.8833333333333333,1.0,13.0,5.705989837646484,8.774093990241067,4.270290265517673,13.27789771496446,8.774093990241067,7.750449691379608,4464.706666666666
C02,stole,2026-07-06,0.0571428571428571,False,55.0,-0.0914826498422712,1,4,Surendranagar Tangaliya,Gujarat,wool,shawl_wrap,8.774093990241067,0.0,4.0,6.0,2.0,3.9435234975602667,3.153538292392554,5.231174499186756,2.4933659588710393,4434.548055555555,0.8721822365113094,2.023644298861459,2.0,4.651980876922607,3.536469195422249,0.0,8.040272920145643,3.536469195422249,3.084445612216728,4434.548055555555
C02,stole,2026-07-13,0.2571428571428571,False,64.8,-0.0778012684989428,1,4,Surendranagar Tangaliya,Gujarat,wool,shawl_wrap,3.536469195422249,8.774093990241067,3.0,5.0,4.0,3.827640796415829,3.157847504796887,5.109213598805277,2.537100979155043,4411.340393518519,0.8617584402805011,1.4756678820669809,4.0,4.919007778167725,4.532442429655333,0.02863870493193943,9.036246154378727,4.532442429655333,3.9058705188409446,4411.340393518519
C02,stole,2026-07-20,0.4571428571428571,False,60.5,-0.0638750132851524,1,4,Surendranagar Tangaliya,Gujarat,wool,shawl_wrap,4.532442429655333,3.536469195422249,0.0,5.0,2.0,4.210751403829662,3.127005938532934,5.070250467943221,2.542064390833977,4412.003759645061,0.8668336695246783,2.1022397928813668,2.0,5.909937381744385,4.2652872029949735,0.0,8.769090927718366,4.2652872029949735,3.6972945577487843,4412.003759645061
C03,stole,2026-06-29,0.0,True,52.8,-0.0947897049591964,2,4,Kutch Weaves (Bhujodi),Gujarat,wool/cotton,shawl_wrap,4.0,6.0,8.0,7.0,5.0,6.0,1.4142135623730951,5.75,1.8763883748662837,3243.103333333334,0.8985507246376812,2.0,5.0,4.482701778411865,4.7002946781278485,0.19649095340445477,9.204098402851242,4.7002946781278485,4.223453189042415,3243.103333333334
C03,stole,2026-07-06,0.0571428571428571,False,55.0,-0.0914826498422712,2,4,Kutch Weaves (Bhujodi),Gujarat,wool/cotton,shawl_wrap,4.7002946781278485,4.0,6.0,3.0,3.0,5.175073669531962,0.8612810402105899,5.725024556510654,1.8881625986974049,3240.7294444444447,0.9057232356945412,1.4768414890854302,3.0,5.123003005981445,4.229997074588453,0.0,8.733800799311847,4.229997074588453,3.831206637374697,3240.7294444444447
C03,stole,2026-07-13,0.2571428571428571,False,64.8,-0.0778012684989428,2,4,Kutch Weaves (Bhujodi),Gujarat,wool/cotton,shawl_wrap,4.229997074588453,4.7002946781278485,6.0,7.0,5.0,4.732572938179075,0.7740573059412559,5.744190979393025,1.8716500122303277,3264.530231481481,0.9147597989665023,0.8756319262991887,5.0,4.887722492218018,4.934950159879742,0.4311464351563483,9.438753884603136,4.934950159879742,4.514294016161301,3264.530231481481
C03,stole,2026-07-20,0.4571428571428571,False,60.5,-0.0638750132851524,2,4,Kutch Weaves (Bhujodi),Gujarat,wool/cotton,shawl_wrap,4.934950159879742,4.229997074588453,4.0,3.0,7.0,4.46631047814901,0.3700206899169126,5.40543682604967,1.5998544472282923,3263.0460841049385,0.9029327898213702,1.2962880700176278,7.0,7.296041965484619,7.171516832748507,2.6677131080251133,11.6753205574719,7.171516832748507,6.475397701044526,3263.0460841049385
C04,stole,2026-06-29,0.0,True,52.8,-0.0947897049591964,3,4,Ahmedabad Ashavali,Gujarat,silk,saree,0.0,2.0,0.0,1.0,0.0,0.5,0.8660254037844386,0.4166666666666667,0.6400954789890506,37282.05583333334,0.6,0.0,0.0,0.5339745283126831,0.3093670173235212,0.0,4.813170742046915,0.3093670173235212,0.1856202103941127,37282.05583333334
C04,stole,2026-07-06,0.0571428571428571,False,55.0,-0.0914826498422712,3,4,Ahmedabad Ashavali,Gujarat,silk,saree,0.3093670173235212,0.0,0.0,1.0,0.0,0.5773417543308803,0.8310255631194833,0.4424472514436268,0.6289272021789308,37263.201319444444,0.6000000000000001,0.12374680692940832,0.0,0.5265429019927979,0.3050613811057959,0.0,4.80886510582919,0.3050613811057959,0.18303682866347756,37263.201319444444
C04,stole,2026-07-13,0.2571428571428571,False,64.8,-0.0778012684989428,3,4,Ahmedabad Ashavali,Gujarat,silk,saree,0.3050613811057959,0.3093670173235212,2.0,0.0,1.0,0.6536070996073293,0.7873946651809063,0.4678690332024431,0.616573408098633,37101.10226273148,0.6,0.245771359371727,1.0,0.5159226655960083,0.7195417512297719,0.0,5.223345475953166,0.7195417512297719,0.43172505073786316,37101.10226273148
C04,stole,2026-07-20,0.4571428571428571,False,60.5,-0.0638750132851524,3,4,Ahmedabad Ashavali,Gujarat,silk,saree,0.7195417512297719,0.3050613811057959,0.0,0.0,0.0,0.33349253741477225,0.25575458909238624,0.5278308458049241,0.6029957094937834,36899.61661795911,0.6,0.5335880598636356,0.0,0.5442447662353516,0.31531725034939,0.0,4.819120975072784,0.31531725034939,0.189190350209634,36899.61661795911
C05,stole,2026-06-29,0.0,True,52.8,-0.0947897049591964,4,4,Surat Mashru,Gujarat,silk-cotton,yardage_fabric,8.0,14.0,10.0,7.0,16.0,10.75,2.165063509461097,9.916666666666666,1.846543317180028,1205.735,0.9747899159663865,1.0,16.0,7.273682594299316,10.944262984695959,6.440459259972565,15.448066709419352,10.944262984695959,10.668357195165807,1205.735
C05,stole,2026-07-06,0.0571428571428571,False,55.0,-0.0914826498422712,4,4,Surat Mashru,Gujarat,silk-cotton,yardage_fabric,10.944262984695959,8.0,11.0,12.0,10.0,10.98606574617399,2.1214576333947996,10.078688582057996,1.8443004515920423,1203.04375,0.9729139215975489,0.27590578953014955,10.0,10.229613304138184,10.1330302837918,5.629226559068407,14.636834008515194,10.1330302837918,9.858566231070604,1203.04375
C05,stole,2026-07-13,0.2571428571428571,False,64.8,-0.0778012684989428,4,4,Surat Mashru,Gujarat,silk-cotton,yardage_fabric,10.1330302837918,10.944262984695959,14.0,9.0,10.0,10.769323317121941,2.1530151053582176,10.089774439040646,1.8441939576639774,1193.423229166667,0.9706768317459953,0.5503698422513494,10.0,10.313701629638672,10.181748252669488,5.677944527946094,14.685551977392882,10.181748252669488,9.883187135536541,1193.423229166667
C05,stole,2026-07-20,0.4571428571428571,False,60.5,-0.0638750132851524,4,4,Surat Mashru,Gujarat,silk-cotton,yardage_fabric,10.181748252669488,10.1330302837918,8.0,10.0,9.0,9.814760380289313,1.0960277370097458,10.02158679342977,1.8242982713044786,1194.0501649305559,0.9679946645948684,0.8489309593842975,9.0,11.815369606018066,10.63113117104919,6.127327446325797,15.134934895772584,10.63113117104919,10.290878252183811,1194.0501649305559
C06,stole,2026-06-29,0.0,True,52.8,-0.0947897049591964,5,4,Varanasi Banarasi,Uttar Pradesh,silk,saree,3.0,0.0,0.0,1.0,4.0,1.25,1.299038105676658,1.0,0.816496580927726,8576.486666666666,0.8333333333333334,1.0,4.0,1.6869033575057983,2.6598690178523907,0.0,7.163672742575784,2.6598690178523907,2.2165575148769925,8576.486666666666
C06,stole,2026-07-06,0.0571428571428571,False,55.0,-0.0914826498422712,5,4,Varanasi Banarasi,Uttar Pradesh,silk,saree,2.6598690178523907,3.0,2.0,0.0,2.0,1.9149672544630976,1.162594603620207,1.1383224181543659,0.9365525461347326,8639.955555555554,0.8211321426448395,1.4433115029753978,2.0,1.402783751487732,1.653992841038304,0.0,6.157796565761698,1.653992841038304,1.358146685481008,8639.955555555554
C06,stole,2026-07-13,0.2571428571428571,False,64.8,-0.0778012684989428,5,4,Varanasi Banarasi,Uttar Pradesh,silk,saree,1.653992841038304,2.6598690178523907,0.0,1.0,0.0,1.8284654647226737,1.1659172019919544,1.1928218215742246,0.9458994279720045,8630.97435185185,0.8086360141284069,1.7391576585326938,0.0,2.0306732654571533,1.176504304949208,0.0,5.680308029672602,1.176504304949208,0.9513637517590394,8630.97435185185
C06,stole,2026-07-20,0.4571428571428571,False,60.5,-0.0638750132851524,5,4,Varanasi Banarasi,Uttar Pradesh,silk,saree,1.176504304949208,1.653992841038304,3.0,1.0,7.0,2.122591540959976,0.7370852207990681,1.2075305136533252,0.9441574106513638,8682.305547839505,0.795429723569019,1.9642982117228627,7.0,2.879310369491577,4.61260997910399,0.1088062543805961,9.116413703827384,4.61260997910399,3.669007080610385,8682.305547839505
C07,stole,2026-06-29,0.0,True,52.8,-0.0947897049591964,6,4,Mubarakpur Azamgarh,Uttar Pradesh,silk,saree,1.0,4.0,6.0,7.0,3.0,4.0,1.8708286933869707,4.333333333333333,2.4608038433722337,6158.975833333334,0.9807692307692307,0.0,3.0,3.524948835372925,3.3041378321171138,0.0,7.8079415568405075,3.3041378321171138,3.2405967199610153,6158.975833333334
C07,stole,2026-07-06,0.0571428571428571,False,55.0,-0.0914826498422712,6,4,Mubarakpur Azamgarh,Uttar Pradesh,silk,saree,3.3041378321171138,1.0,5.0,8.0,4.0,3.3260344580292784,1.472014431793649,4.358678152676426,2.448476123874504,6185.752152777776,0.9796662146392741,0.06354111215609848,4.0,3.5384726524353027,3.732606460872761,0.0,8.236410185596155,3.732606460872761,3.656708442261315,6185.752152777776
C07,stole,2026-07-13,0.2571428571428571,False,64.8,-0.0778012684989428,6,4,Mubarakpur Azamgarh,Uttar Pradesh,silk,saree,3.732606460872761,3.3041378321171138,4.0,0.0,5.0,3.0091860732474687,1.1862624616490418,4.003062024415823,2.1900458699445733,6200.941498842592,0.9762798427008754,0.13943913076754377,5.0,4.237065315246582,4.557981110858131,0.05417738613473766,9.061784835581525,4.557981110858131,4.449865081942138,6200.941498842592
C07,stole,2026-07-20,0.4571428571428571,False,60.5,-0.0638750132851524,6,4,Mubarakpur Azamgarh,Uttar Pradesh,silk,saree,4.557981110858131,3.732606460872761,1.0,3.0,4.0,3.1486813509620015,1.3198572472745493,4.049560450320667,2.1954041298946207,6236.457457079475,0.97432735447488,0.24755515968353592,4.0,3.938828468322754,3.9645592564875693,0.0,8.468362981210962,3.9645592564875693,3.8627785320324306,6236.457457079475
C08,stole,2026-06-29,0.0,True,52.8,-0.0947897049591964,7,4,Shantipur-Fulia Tant,West Bengal,cotton,saree,4.0,4.0,3.0,1.0,3.0,3.5,0.5,4.833333333333333,2.9107081994288304,2167.1608333333334,0.9482758620689655,0.0,3.0,4.997743606567383,4.157425959799673,0.0,8.661229684523068,4.157425959799673,3.9423866860169317,2167.1608333333334
C08,stole,2026-07-06,0.0571428571428571,False,55.0,-0.0914826498422712,7,4,Shantipur-Fulia Tant,West Bengal,cotton,saree,4.157425959799673,4.0,3.0,6.0,9.0,3.7893564899499186,0.46024454899378575,4.5964521633166395,2.8395381187691666,2158.9867361111114,0.9598415039273746,0.21503927378274312,9.0,6.573965549468994,7.594436621805697,3.090632897082303,12.09824034652909,7.594436621805697,7.28945546855511,2158.9867361111114
C08,stole,2026-07-13,0.2571428571428571,False,64.8,-0.0778012684989428,7,4,Shantipur-Fulia Tant,West Bengal,cotton,saree,7.594436621805697,4.157425959799673,4.0,4.0,5.0,4.937965645401343,1.5350602067332872,4.979321881800447,2.9074029273408075,2172.5172974537036,0.9578252406175348,0.5200204270333302,5.0,5.5322699546813965,5.308379444261215,0.8045757195378211,9.812183168984609,5.308379444261215,5.084499818488674,2172.5172974537036
C08,stole,2026-07-20,0.4571428571428571,False,60.5,-0.0638750132851524,7,4,Shantipur-Fulia Tant,West Bengal,cotton,saree,5.308379444261215,7.594436621805697,4.0,13.0,7.0,5.2650605064666465,1.4365846643232945,5.088353502155549,2.8931305734923067,2163.221238908179,0.9714396799792062,0.7439000528058699,7.0,7.516002655029297,7.2989547138547275,2.7951509891313338,11.80275843857812,7.2989547138547275,7.090494231409755,2163.221238908179
C09,stole,2026-06-29,0.0,True,52.8,-0.0947897049591964,8,4,Murshidabad Silk,West Bengal,silk,saree,1.0,2.0,3.0,3.0,3.0,2.75,1.479019945774904,2.5833333333333335,1.3202482931462383,6920.323333333333,0.967741935483871,0.0,3.0,2.5698273181915283,2.750772307574908,0.0,7.254576032298302,2.750772307574908,2.662037717007976,6920.323333333333
C09,stole,2026-07-06,0.0571428571428571,False,55.0,-0.0914826498422712,8,4,Murshidabad Silk,West Bengal,silk,saree,2.750772307574908,1.0,5.0,4.0,3.0,2.6876930768937273,1.472410607285813,2.645897692297909,1.3088625185898435,6930.265277777778,0.9657099808464442,0.08873459056693278,3.0,2.7803828716278076,2.8727611667688455,0.0,7.376564891492239,2.8727611667688455,2.7742541313367504,6930.265277777778
C09,stole,2026-07-13,0.2571428571428571,False,64.8,-0.0778012684989428,8,4,Murshidabad Silk,West Bengal,silk,saree,2.8727611667688455,2.750772307574908,2.0,2.0,3.0,2.1558833685859384,0.7463532363489609,2.718627789528646,1.2951274169442148,6919.941550925926,0.9636078162124065,0.18724162599902705,3.0,3.1089048385620117,3.0630958281558707,0.0,7.566899552879264,3.0630958281558707,2.9516230818186115,6919.941550925926
C09,stole,2026-07-20,0.4571428571428571,False,60.5,-0.0638750132851524,8,4,Murshidabad Silk,West Bengal,silk,saree,3.0630958281558707,2.8727611667688455,1.0,3.0,4.0,2.4216573256249063,0.8283061406978239,2.973885775208302,1.0030828236843397,6945.982513503087,0.9636078162124065,0.2987143723362866,4.0,3.63029146194458,3.7858032141370814,0.0,8.289606938860475,3.7858032141370814,3.6480295677845427,6945.982513503087
C10,stole,2026-06-29,0.0,True,52.8,-0.0947897049591964,9,4,Bishnupur Baluchari,West Bengal,silk,saree,1.0,3.0,0.0,2.0,3.0,1.5,1.118033988749895,2.0833333333333335,1.3819269959814167,12049.658333333335,0.96,0.0,3.0,1.5805625915527344,2.177625347193309,0.0,6.681429071916703,2.177625347193309,2.0905203333055766,12049.658333333335
C10,stole,2026-07-06,0.0571428571428571,False,55.0,-0.0914826498422712,9,4,Bishnupur Baluchari,West Bengal,silk,saree,2.177625347193309,1.0,2.0,3.0,3.0,2.0444063367983274,0.7112775606214072,2.0148021122661093,1.3548961071374648,12075.659027777778,0.9550367334146018,0.08710501388773295,3.0,1.705031394958496,2.2497384170454344,0.0,6.753542141768828,2.2497384170454344,2.1485828288524087,12075.659027777778
C10,stole,2026-07-13,0.2571428571428571,False,64.8,-0.0778012684989428,9,4,Bishnupur Baluchari,West Bengal,silk,saree,2.2497384170454344,2.177625347193309,3.0,5.0,1.0,2.1068409410596862,0.7155871879386582,2.1189469803532286,1.3204841104462437,11999.729780092594,0.9532684310847851,0.18826060208076,1.0,2.1338977813720703,1.656942524358429,0.0,6.160746249081823,1.656942524358429,1.579511000592823,11999.729780092594
C10,stole,2026-07-20,0.4571428571428571,False,60.5,-0.0638750132851524,9,4,Bishnupur Baluchari,West Bengal,silk,saree,1.656942524358429,2.2497384170454344,1.0,3.0,1.0,1.7710765721492931,0.5004959363550815,2.2570255240497645,1.1697173103058847,11999.768928433643,0.9532684310847852,0.2656921258463649,1.0,2.3965861797332764,1.809135413677133,0.0,6.312939138400527,1.809135413677133,1.7245916774159245,11999.768928433643
C11,stole,2026-06-29,0.0,True,52.8,-0.0947897049591964,10,4,Nadia Jamdani,West Bengal,cotton,saree,1.0,0.0,2.0,3.0,1.0,0.75,0.82915619758885,1.0,1.0801234497346435,9160.835000000001,0.9166666666666666,1.0,1.0,1.0683780908584595,1.0396159833428817,0.0,5.543419708066276,1.0396159833428817,0.9529813180643082,9160.835000000001
C11,stole,2026-07-06,0.0571428571428571,False,55.0,-0.0914826498422712,10,4,Nadia Jamdani,West Bengal,cotton,saree,1.0396159833428817,1.0,0.0,1.0,1.0,0.5099039958357204,0.5100963274091104,1.0866346652785734,1.0372842202678854,9154.260416666666,0.9166666666666666,0.08663466527857366,1.0,1.35188627243042,1.2038711600774035,0.0,5.707674884800797,1.2038711600774035,1.1035485634042865,9154.260416666666
C11,stole,2026-07-13,0.2571428571428571,False,64.8,-0.0778012684989428,10,4,Nadia Jamdani,West Bengal,cotton,saree,1.2038711600774035,1.0396159833428817,0.0,0.0,1.0,0.8108717858550714,0.4743561295337422,1.1036239286183571,1.0373956916665525,9162.042118055555,0.9103742655467143,0.18695726195169104,1.0,1.7978157997131348,1.46222784279759,0.0,5.966031567520984,1.46222784279759,1.3311745984488126,9162.042118055555
C11,stole,2026-07-20,0.4571428571428571,False,60.5,-0.0638750132851524,10,4,Nadia Jamdani,West Bengal,cotton,saree,1.46222784279759,1.2038711600774035,1.0,1.0,3.0,1.176428746554469,0.1818509308896434,0.9754762488514896,0.87795076182457,9142.472294560186,0.8874045278009697,0.31801050630046923,3.0,1.873015284538269,2.347062675267854,0.0,6.850866399991247,2.347062675267854,2.0827940450653504,9142.472294560186
C12,stole,2026-06-29,0.0,True,52.8,-0.0947897049591964,11,4,Sambalpur Ikat,Odisha,cotton/silk,saree,4.0,3.0,2.0,6.0,1.0,3.5,1.118033988749895,4.75,2.419538523492996,5050.363333333333,0.9298245614035088,1.0,1.0,3.6941912174224854,2.5609244577021206,0.0,7.064728182425514,2.5609244577021206,2.3812104606703928,5050.363333333333
C12,stole,2026-07-06,0.0571428571428571,False,55.0,-0.0914826498422712,11,4,Sambalpur Ikat,Odisha,cotton/silk,saree,2.5609244577021206,4.0,5.0,11.0,4.0,3.6402311144255304,0.9424971899599955,4.3800770381418435,2.3863751409017793,5049.669444444445,0.9204786818314943,1.1797139970317296,4.0,3.8527681827545166,3.9146987997718035,0.0,8.418502524495198,3.9146987997718035,3.6033967909812823,5049.669444444445
C12,stole,2026-07-13,0.2571428571428571,False,64.8,-0.0778012684989428,11,4,Sambalpur Ikat,Odisha,cotton/silk,saree,3.9146987997718035,2.5609244577021206,3.0,4.0,8.0,3.3689058143684814,0.6093224160181262,4.53963527145616,2.283705687342496,5093.170231481482,0.9175591624790436,0.49101600582225124,8.0,4.754716873168945,6.119791285755555,1.6159875610321617,10.62359501047895,6.119791285755555,5.6152705667044165,5093.170231481482
C12,stole,2026-07-20,0.4571428571428571,False,60.5,-0.0638750132851524,11,4,Sambalpur Ikat,Odisha,cotton/silk,saree,6.119791285755555,3.9146987997718035,4.0,3.0,5.0,4.14885363580737,1.273096636826247,4.549617878602457,2.2903197021488055,5074.117750771605,0.9084989688846883,0.9955367248733893,5.0,4.770869731903076,4.867249571166482,0.3634458464430885,9.371053295889876,4.867249571166482,4.421891216709191,5074.117750771605
C13,stole,2026-06-29,0.0,True,52.8,-0.0947897049591964,12,4,Berhampur Patta,Odisha,silk,saree,2.0,1.0,4.0,3.0,3.0,2.75,1.299038105676658,2.1666666666666665,1.2133516482134197,8088.871666666666,0.9615384615384616,0.0,3.0,1.6057038307189941,2.1921913419370296,0.0,6.695995066660423,2.1921913419370296,2.107876290324067,8088.871666666666
C13,stole,2026-07-06,0.0571428571428571,False,55.0,-0.0914826498422712,12,4,Berhampur Patta,Odisha,silk,saree,2.1921913419370296,2.0,4.0,1.0,1.0,2.2980478354842573,1.0818511291957125,2.1826826118280858,1.21231398133018,8084.955138888889,0.95860159093001,0.08431505161296116,1.0,1.7678343057632446,1.4448575660027592,0.0,5.948661290726153,1.4448575660027592,1.3850427614375067,8084.955138888889
C13,stole,2026-07-13,0.2571428571428571,False,64.8,-0.0778012684989428,12,4,Berhampur Patta,Odisha,silk,saree,1.4448575660027592,2.1921913419370296,1.0,3.0,2.0,1.659262226984947,0.4692312100934108,2.3030874089949824,1.0505068976468945,8100.682233796296,0.95860159093001,0.14412985617821494,2.0,2.253741502761841,2.147009356661019,0.0,6.650813081384413,2.147009356661019,2.05812658503687,8100.682233796296
C13,stole,2026-07-20,0.4571428571428571,False,60.5,-0.0638750132851524,12,4,Berhampur Patta,Odisha,silk,saree,2.147009356661019,1.4448575660027592,2.0,2.0,3.0,1.9460145661502017,0.2979407141588827,2.232004855383401,1.0295960919145328,8121.17075327932,0.9539646824382855,0.23301262780236343,3.0,2.5318405628204346,2.7287640495329217,0.0,7.2325677742563155,2.7287640495329217,2.6031445299616838,8121.17075327932
C14,stole,2026-06-29,0.0,True,52.8,-0.0947897049591964,13,4,Nuapatna Sonepuri,Odisha,cotton,saree,3.0,5.0,3.0,0.0,4.0,4.0,1.0,3.1666666666666665,1.6244657241348273,4153.878333333333,0.9473684210526315,0.0,4.0,2.9196279048919678,3.374068471544363,0.0,7.877872196267757,3.374068471544363,3.1964859204104488,4153.878333333333
C14,stole,2026-07-06,0.0571428571428571,False,55.0,-0.0914826498422712,13,4,Nuapatna Sonepuri,Odisha,cotton,saree,3.374068471544363,3.0,5.0,1.0,1.0,4.0935171178860905,0.9160797553930452,3.11450570596203,1.6068236923879042,4156.074861111111,0.9417354695330569,0.17758255113391286,1.0,3.287001371383667,2.325012253141518,0.0,6.828815977864911,2.325012253141518,2.189546505882338,4156.074861111111
C14,stole,2026-07-13,0.2571428571428571,False,64.8,-0.0778012684989428,13,4,Nuapatna Sonepuri,Odisha,cotton,saree,2.325012253141518,3.374068471544363,5.0,4.0,2.0,3.42477018117147,0.9841007129052965,3.2249233937238233,1.4996791124348825,4177.2685995370375,0.9402298903467851,0.31304829839309356,2.0,3.2206919193267822,2.707228150650498,0.0,7.211031875373892,2.707228150650498,2.5454168272298476,4177.2685995370375
C14,stole,2026-07-20,0.4571428571428571,False,60.5,-0.0638750132851524,13,4,Nuapatna Sonepuri,Odisha,cotton,saree,2.707228150650498,2.325012253141518,3.0,3.0,3.0,2.8515772188340947,0.3850758846344655,3.1171924062780314,1.4865071564608912,4195.295982831791,0.9338384434010402,0.47485962181374575,3.0,3.4856972694396973,3.2813967850555406,0.0,7.785200509778934,3.2813967850555406,3.0642944659374436,4195.295982831791
C15,stole,2026-06-29,0.0,True,52.8,-0.0947897049591964,14,4,Pochampally Ikat,Telangana,cotton/silk,saree,3.0,3.0,4.0,4.0,4.0,3.0,0.7071067811865476,3.4166666666666665,1.3819269959814167,4863.4875,0.926829268292683,2.0,4.0,2.7213826179504395,3.259211769833617,0.0,7.763015494557011,3.259211769833617,3.0207328598457917,4863.4875
C15,stole,2026-07-06,0.0571428571428571,False,55.0,-0.0914826498422712,14,4,Pochampally Ikat,Telangana,cotton/silk,saree,3.259211769833617,3.0,2.0,4.0,4.0,2.814802942458404,0.4821822635508319,3.438267647486135,1.3772632395329,4863.760625,0.9215089486426976,1.2384789099878244,4.0,2.8314309120178223,3.322970077940089,0.0,7.8267738026634825,3.322970077940089,3.062146662893714,4863.760625
C15,stole,2026-07-13,0.2571428571428571,False,64.8,-0.0778012684989428,14,4,Pochampally Ikat,Telangana,cotton/silk,saree,3.322970077940089,3.259211769833617,3.0,3.0,4.0,3.145545461943426,0.1472807581590357,3.631848487314476,1.1683574753261452,4849.449010416667,0.9197079591550336,1.4993023250341988,4.0,3.0849692821502686,3.4698617463363224,0.0,7.973665471059716,3.4698617463363224,3.1912594652730997,4849.449010416667
C15,stole,2026-07-20,0.4571428571428571,False,60.5,-0.0638750132851524,14,4,Pochampally Ikat,Telangana,cotton/silk,saree,3.4698617463363224,3.322970077940089,3.0,7.0,7.0,3.263010898527507,0.16997907412247484,3.587670299509169,1.1636148382817215,4865.73892795139,0.9122479610558074,0.7779046060974224,7.0,4.7760910987854,5.711541418011027,1.2077376932876334,10.21534514273442,5.711541418011027,5.210342013066355,4865.73892795139
C16,stole,2026-06-29,0.0,True,52.8,-0.0947897049591964,15,4,Gadwal,Telangana,silk-cotton,saree,1.0,3.0,6.0,4.0,1.0,3.25,1.7853571071357126,3.1666666666666665,1.4043582955293932,6510.893333333333,0.9736842105263158,0.0,1.0,2.593642473220825,1.9233032522699376,0.0,6.427106976993331,1.9233032522699376,1.8726900087891498,6510.893333333333
C16,stole,2026-07-06,0.0571428571428571,False,55.0,-0.0914826498422712,15,4,Gadwal,Telangana,silk-cotton,saree,1.9233032522699376,1.0,3.0,2.0,4.0,2.2308258130674843,0.8355776695196125,3.160275271022495,1.4098173030738321,6444.711111111111,0.9722963678429594,0.05061324348078777,4.0,2.70511794090271,3.249788558876558,0.0,7.753592283599952,3.249788558876558,3.1597576120532826,6444.711111111111
C16,stole,2026-07-13,0.2571428571428571,False,64.8,-0.0778012684989428,15,4,Gadwal,Telangana,silk-cotton,saree,3.249788558876558,1.9233032522699376,3.0,1.0,4.0,2.293272952786624,0.8977496496332331,3.097757650928875,1.387653640470625,6405.878703703704,0.9693153263629786,0.14064419030406228,4.0,3.040149211883545,3.44389449374384,0.0,7.947698218467234,3.44389449374384,3.338219715162975,6405.878703703704
C16,stole,2026-07-20,0.4571428571428571,False,60.5,-0.0638750132851524,15,4,Gadwal,Telangana,silk-cotton,saree,3.44389449374384,3.249788558876558,1.0,4.0,4.0,2.404246576222584,0.9998779881220716,3.051415525407528,1.3658632757728424,6423.962762345679,0.9659633657858272,0.24631896888492832,4.0,3.2116434574127197,3.543252535025616,0.0,8.04705625974901,3.543252535025616,3.422652144562509,6423.962762345679
C17,stole,2026-06-29,0.0,True,52.8,-0.0947897049591964,16,4,Venkatagiri,Andhra Pradesh,cotton/silk,saree,3.0,2.0,5.0,6.0,6.0,3.0,1.224744871391589,4.25,1.7853571071357126,3924.736666666666,0.9803921568627451,0.0,6.0,3.3345859050750732,4.4557480464758505,0.0,8.959551771199244,4.4557480464758505,4.368380437721422,3924.736666666666
C17,stole,2026-07-06,0.0571428571428571,False,55.0,-0.0914826498422712,16,4,Venkatagiri,Andhra Pradesh,cotton/silk,saree,4.4557480464758505,3.0,2.0,5.0,6.0,2.8639370116189626,1.0056278918652692,4.12131233720632,1.7085838698555067,3947.332222222222,0.9780133219755855,0.08736760875442862,6.0,4.355612754821777,5.047296920747998,0.5434931960246043,9.551100645471392,5.047296920747998,4.9363236284578935,3947.332222222222
C17,stole,2026-07-13,0.2571428571428571,False,64.8,-0.0778012684989428,16,4,Venkatagiri,Andhra Pradesh,cotton/silk,saree,5.047296920747998,4.4557480464758505,2.0,5.0,4.0,3.625761241805962,1.1983654001948165,4.458587080601987,1.4370372239476539,3937.109907407407,0.9776023794201126,0.19834090104453317,4.0,4.20073127746582,4.116297001636709,0.0,8.620100726360103,4.116297001636709,4.024101743199922,3937.109907407407
C17,stole,2026-07-20,0.4571428571428571,False,60.5,-0.0638750132851524,16,4,Venkatagiri,Andhra Pradesh,cotton/silk,saree,4.116297001636709,5.047296920747998,3.0,7.0,5.0,4.154835492215139,0.7453465630273047,4.468278497405046,1.4343013717800426,3948.746566358024,0.975931518140771,0.29053615948132006,5.0,4.157066822052002,4.511632654297501,0.007828929574107413,9.015436379020894,4.511632654297501,4.403044505602036,3948.746566358024
C18,stole,2026-06-29,0.0,True,52.8,-0.0947897049591964,17,4,Mangalagiri,Andhra Pradesh,cotton,saree,5.0,4.0,6.0,4.0,2.0,4.5,1.118033988749895,4.166666666666667,0.8975274678557508,2423.2025,0.94,0.0,2.0,4.101397514343262,3.2174795739371875,0.0,7.721283298660581,3.2174795739371875,3.0244307995009563,2423.2025
C18,stole,2026-07-06,0.0571428571428571,False,55.0,-0.0914826498422712,17,4,Mangalagiri,Andhra Pradesh,cotton,saree,3.2174795739371875,5.0,3.0,3.0,3.0,3.8043698934842967,0.7841003862555075,4.101456631161432,0.9349160764976894,2415.176041666667,0.9351236836571555,0.19304877443622992,3.0,4.172205448150635,3.679136707757694,0.0,8.182940432481088,3.679136707757694,3.440447870836634,2415.176041666667
C18,stole,2026-07-13,0.2571428571428571,False,64.8,-0.0778012684989428,17,4,Mangalagiri,Andhra Pradesh,cotton,saree,3.679136707757694,3.2174795739371875,4.0,4.0,4.0,3.97415407042372,0.6543354302671239,4.158051356807907,0.885791956991419,2413.0573784722224,0.9512644785845047,0.43173761135729016,4.0,5.130373001098633,4.6549003843272185,0.1510966596038248,9.158704109050612,4.6549003843272185,4.428041386959842,2413.0573784722224
C18,stole,2026-07-20,0.4571428571428571,False,60.5,-0.0638750132851524,17,4,Mangalagiri,Andhra Pradesh,cotton,saree,4.6549003843272185,3.679136707757694,5.0,5.0,5.0,4.137879166505525,0.7190520364829311,4.212626388835175,0.8945048075218766,2427.6104933449074,0.9671899733556464,0.6585966087246664,5.0,5.473318576812744,5.274224983755456,0.7704212590320623,9.77802870847885,5.274224983755456,5.101177521510124,2427.6104933449074
C19,stole,2026-06-29,0.0,True,52.8,-0.0947897049591964,18,4,Kanchipuram Kanjeevaram,Tamil Nadu,silk,saree,0.0,0.0,0.0,0.0,0.0,0.0,0.0,0.25,0.5951190357119042,14812.792500000001,0.6666666666666666,0.0,0.0,0.6903066039085388,0.39994060346799787,0.0,4.903744328191392,0.39994060346799787,0.2666270689786652,14812.792500000001
C19,stole,2026-07-06,0.0571428571428571,False,55.0,-0.0914826498422712,18,4,Kanchipuram Kanjeevaram,Tamil Nadu,silk,saree,0.39994060346799787,0.0,0.0,0.0,1.0,0.09998515086699947,0.17317936130408249,0.28332838362233315,0.5913721903836463,14749.911041666664,0.6666666666666666,0.13331353448933264,1.0,0.7781113386154175,0.8714451163665617,0.0,5.375248841089956,0.8714451163665617,0.5809634109110411,14749.911041666664
C19,stole,2026-07-13,0.2571428571428571,False,64.8,-0.0778012684989428,18,4,Kanchipuram Kanjeevaram,Tamil Nadu,silk,saree,0.8714451163665617,0.39994060346799787,0.0,1.0,3.0,0.3178464299586399,0.35890934265900154,0.18928214331954663,0.35230624932788474,14766.414461805556,0.3731600813055398,0.42379523994485324,3.0,0.8829048275947571,1.773425726978672,0.0,6.277229451702066,1.773425726978672,0.6617716884686973,14766.414461805556
C19,stole,2026-07-20,0.4571428571428571,False,60.5,-0.0638750132851524,18,4,Kanchipuram Kanjeevaram,Tamil Nadu,silk,saree,1.773425726978672,0.8714451163665617,0.0,0.0,3.0,0.7612028617033079,0.6608117545091958,0.33706762056776923,0.5553552103705561,14660.227333622684,0.37316008130553985,1.535449278454828,3.0,0.756783127784729,1.7003550241245595,0.0,6.204158748847953,1.7003550241245595,0.6345046190506038,14660.227333622684
C20,stole,2026-06-29,0.0,True,52.8,-0.0947897049591964,19,4,Arani Silk,Tamil Nadu,silk,saree,4.0,2.0,0.0,4.0,2.0,1.5,1.6583123951777,1.75,1.5343293866268306,6990.509999999999,0.8571428571428571,0.0,2.0,1.9415631294250488,1.9661436278456583,0.0,6.4699473525690525,1.9661436278456583,1.68526596672485,6990.509999999999
C20,stole,2026-07-06,0.0571428571428571,False,55.0,-0.0914826498422712,19,4,Arani Silk,Tamil Nadu,silk,saree,1.9661436278456583,4.0,0.0,1.0,1.0,1.9915359069614147,1.4142895469503045,1.830511968987138,1.518124718802116,6999.356666666667,0.8506393422211005,0.28087766112080903,1.0,1.916508436203003,1.5309943943504638,0.0,6.034798119073858,1.5309943943504638,1.3023240645544707,6999.356666666667
C20,stole,2026-07-13,0.2571428571428571,False,64.8,-0.0778012684989428,19,4,Arani Silk,Tamil Nadu,silk,saree,1.5309943943504638,1.9661436278456583,2.0,1.0,1.0,2.3742845055490305,0.9566552340955716,1.8747615018496768,1.5009135089182288,6962.127222222222,0.8440002462778059,0.5095479909168006,1.0,2.4506173133850098,1.8404392489242276,0.0,6.344242973647622,1.8404392489242276,1.5533311793513882,6962.127222222222
C20,stole,2026-07-20,0.4571428571428571,False,60.5,-0.0638750132851524,19,4,Arani Silk,Tamil Nadu,silk,saree,1.8404392489242276,1.5309943943504638,4.0,3.0,2.0,2.3343943177800877,0.9745888756670125,1.6947981059266957,1.3579639720183674,6957.300324074073,0.9116583044018268,0.7966560604896422,2.0,2.232889413833618,2.134928352390884,0.0,6.638732077114278,2.134928352390884,1.9463251617600592,6957.300324074073
C21,stole,2026-06-29,0.0,True,52.8,-0.0947897049591964,20,4,Salem,Tamil Nadu,cotton,yardage_fabric,32.0,24.0,32.0,30.0,27.0,26.0,6.6332495807108,25.583333333333332,5.529592108726366,915.3100000000001,0.9413680781758957,7.0,27.0,24.003149032592773,25.2637245861155,20.759920861392107,29.767528310838895,25.2637245861155,23.782463861196675,915.3100000000001
C21,stole,2026-07-06,0.0571428571428571,False,55.0,-0.0914826498422712,20,4,Salem,Tamil Nadu,cotton,yardage_fabric,25.2637245861155,32.0,16.0,18.0,25.0,24.315931146528875,5.683259405309698,26.105310382176288,5.167276992172001,913.7766666666668,0.9378119482213989,5.481260724918826,25.0,25.015544891357422,25.00900619115496,20.505202466431566,29.512809915878353,25.00900619115496,23.453744819208058,913.7766666666668
C21,stole,2026-07-13,0.2571428571428571,False,64.8,-0.0778012684989428,20,4,Salem,Tamil Nadu,cotton,yardage_fabric,25.00900619115496,25.2637245861155,24.0,21.0,23.0,26.568182694317613,3.171468268711351,25.60606089810587,4.955316286762516,913.0672222222223,0.9347923844521387,4.036522096865724,23.0,26.89356231689453,25.255800037030173,20.75199631230678,29.759603761753567,25.255800037030173,23.60892953786185,913.0672222222223
C21,stole,2026-07-20,0.4571428571428571,False,60.5,-0.0638750132851524,20,4,Salem,Tamil Nadu,cotton,yardage_fabric,25.255800037030173,25.00900619115496,32.0,29.0,37.0,26.882132703575156,2.9565762028179234,25.377377567858385,4.902602195799297,910.4736574074074,0.9353643727784677,4.6833925960340395,37.0,26.651105880737305,31.00419619941414,26.500392474690745,35.507999924137536,31.00419619941414,29.00022053156556,910.4736574074074
C22,stole,2026-06-29,0.0,True,52.8,-0.0947897049591964,21,4,Ilkal,Karnataka,cotton/silk,saree,2.0,5.0,2.0,3.0,2.0,3.0,1.224744871391589,4.0,1.4142135623730951,3864.6675,0.9791666666666666,0.0,2.0,2.5329160690307617,2.3087537813475634,0.0,6.812557506070958,2.3087537813475634,2.2606547442361555,3864.6675
C22,stole,2026-07-06,0.0571428571428571,False,55.0,-0.0914826498422712,21,4,Ilkal,Karnataka,cotton/silk,saree,2.3087537813475634,2.0,3.0,3.0,7.0,3.077188445336891,1.1676888616437158,3.7757294817789635,1.4507683765275494,3859.222291666667,0.9768676260183771,0.04809903711140784,7.0,3.8754987716674805,5.189768285975466,0.6859645612520726,9.69357201069886,5.189768285975466,5.069716625106316,3859.222291666667
C22,stole,2026-07-13,0.2571428571428571,False,64.8,-0.0778012684989428,21,4,Ilkal,Karnataka,cotton/silk,saree,5.189768285975466,2.3087537813475634,5.0,6.0,3.0,3.6246305168307575,1.4758263236946434,3.7915435056102527,1.4649918380256142,3844.6499826388895,0.9963042602190078,0.1681506979805576,3.0,4.0268635749816895,3.59493047804001,0.0,8.098734202763403,3.59493047804001,3.581644550462416,3844.6499826388895
C22,stole,2026-07-20,0.4571428571428571,False,60.5,-0.0638750132851524,21,4,Ilkal,Karnataka,cotton/silk,saree,3.59493047804001,5.189768285975466,2.0,6.0,5.0,3.27336313634076,1.2577697660468221,3.6744543787802537,1.4191600874606505,3825.98998119213,0.9958851798830791,0.18143662555815077,5.0,4.342171669006348,4.6188762237152154,0.1150724989918217,9.12267994843861,4.6188762237152154,4.599870378912304,3825.98998119213
C23,stole,2026-06-29,0.0,True,52.8,-0.0947897049591964,22,4,Molakalmuru,Karnataka,silk,saree,0.0,3.0,1.0,1.0,1.0,1.0,1.224744871391589,2.5833333333333335,2.43099202430247,9088.290833333334,0.8709677419354839,1.0,1.0,2.665865898132324,1.9651470938036593,0.0,6.468950818527053,1.9651470938036593,1.7115797268612516,9088.290833333334
C23,stole,2026-07-06,0.0571428571428571,False,55.0,-0.0914826498422712,22,4,Molakalmuru,Karnataka,silk,saree,1.9651470938036593,0.0,0.0,1.0,4.0,1.2412867734509148,1.2940857472080662,2.497095591150305,2.433035936235794,9136.457569444445,0.8580495081960743,1.2535673669424074,4.0,3.0088868141174316,3.4257821040352052,0.0,7.929585828758599,3.4257821040352052,2.9394906495543203,9136.457569444445
C23,stole,2026-07-13,0.2571428571428571,False,64.8,-0.0778012684989428,22,4,Molakalmuru,Karnataka,silk,saree,3.4257821040352052,1.9651470938036593,3.0,0.0,3.0,2.0977322994597163,1.322484680802263,2.365910766486572,2.3350121531605197,9076.957366898148,0.8682727572823515,1.7398588214232937,3.0,3.598612070083618,3.3468158513867987,0.0,7.8506195761101925,3.3468158513867987,2.9059490273998967,9076.957366898148
C23,stole,2026-07-20,0.4571428571428571,False,60.5,-0.0638750132851524,22,4,Molakalmuru,Karnataka,silk,saree,3.3468158513867987,3.4257821040352052,0.0,5.0,5.0,2.1844362623064155,1.3885167744206308,1.9781454207688054,1.654344049243377,9063.492147472994,0.866005568818174,1.1807256454101935,5.0,3.4920830726623535,4.126363267446111,0.0,8.630166992169505,4.126363267446111,3.5734535685750886,9063.492147472994
C24,stole,2026-06-29,0.0,True,52.8,-0.0947897049591964,23,4,Guledgudda Khana,Karnataka,cotton,dupatta,9.0,15.0,8.0,14.0,12.0,11.25,2.8613807855648994,12.0,3.1885210782848317,1514.3341666666668,0.9305555555555556,1.0,12.0,12.095852851867676,12.055533942748092,7.551730218024698,16.559337667471485,12.055533942748092,11.218344085612808,1514.3341666666668
C24,stole,2026-07-06,0.0571428571428571,False,55.0,-0.0914826498422712,23,4,Guledgudda Khana,Karnataka,cotton,dupatta,12.055533942748092,9.0,13.0,12.0,18.0,12.263883485687023,2.163593425457046,12.171294495229008,3.1311736666630297,1516.827013888889,0.9394943168630683,1.8371898571352858,18.0,12.656376838684082,14.904083113587864,10.40027938886447,19.407886838311256,14.904083113587864,14.002301383270622,1516.827013888889
C24,stole,2026-07-13,0.2571428571428571,False,64.8,-0.0778012684989428,23,4,Guledgudda Khana,Karnataka,cotton,dupatta,14.904083113587864,12.055533942748092,15.0,18.0,16.0,12.73990426408399,2.46205957835024,12.829968088027996,2.786434675705455,1521.020931712963,0.9432385468700224,2.738971587452532,16.0,14.75135612487793,15.27657741921428,10.772773694490887,19.780381143937674,15.27657741921428,14.409456686047076,1521.020931712963
C24,stole,2026-07-20,0.4571428571428571,False,60.5,-0.0638750132851524,23,4,Guledgudda Khana,Karnataka,cotton,dupatta,15.27657741921428,14.904083113587864,9.0,11.0,19.0,12.809048618887559,2.5275731276578717,13.186349539629186,2.803028712711003,1521.2051760223767,0.9392926987883041,2.6060923206197373,19.0,15.680821418762207,17.07697872614561,12.573175001422218,21.580782450869005,17.07697872614561,16.04028143483177,1521.2051760223767
C25,stole,2026-06-29,0.0,True,52.8,-0.0947897049591964,24,4,Sualkuchi Muga Silk,Assam,silk,saree,3.0,1.0,1.0,1.0,5.0,1.75,0.82915619758885,1.6666666666666667,1.1785113019775793,11830.341666666667,0.9,0.0,5.0,1.4381194114685059,2.936365284654041,0.0,7.440169009377435,2.936365284654041,2.642728756188637,11830.341666666667
C25,stole,2026-07-06,0.0571428571428571,False,55.0,-0.0914826498422712,24,4,Sualkuchi Muga Silk,Assam,silk,saree,2.936365284654041,3.0,2.0,1.0,1.0,2.2340913211635103,0.815105048403108,1.9113637737211702,1.109898770871989,11808.549305555556,0.9,0.2936365284654041,1.0,1.7407726049423218,1.4291789198824558,0.0,5.93298264460585,1.4291789198824558,1.2862610278942104,11808.549305555556
C25,stole,2026-07-13,0.2571428571428571,False,64.8,-0.0778012684989428,24,4,Sualkuchi Muga Silk,Assam,silk,saree,1.4291789198824558,2.936365284654041,1.0,4.0,3.0,2.0913860511341245,0.8901138986731204,1.780462017044708,1.065530131761137,11762.616747685184,0.9327630316035371,0.43655442045365067,3.0,1.912020206451416,2.3696608250173137,0.0,6.873464549740707,2.3696608250173137,2.2103320150152883,11762.616747685184
C25,stole,2026-07-20,0.4571428571428571,False,60.5,-0.0638750132851524,24,4,Sualkuchi Muga Silk,Assam,silk,saree,2.3696608250173137,1.4291789198824558,3.0,0.0,3.0,2.4338012573884527,0.6297879908582479,1.8112670857961508,1.0767166302590852,11739.647309992282,0.9265761133476442,0.5958832304556747,3.0,2.1738245487213135,2.5213415217470203,0.0,7.025145246470414,2.5213415217470203,2.336214827642389,11739.647309992282
C26,stole,2026-06-29,0.0,True,52.8,-0.0947897049591964,25,4,Barpeta,Assam,cotton,yardage_fabric,26.0,14.0,24.0,17.0,16.0,21.0,4.58257569495584,19.666666666666668,4.346134936801766,1120.1075,0.9110169491525424,7.0,16.0,20.12198829650879,18.388142424626395,13.884338699903001,22.89194614934979,18.388142424626395,16.751909412265572,1120.1075
C26,stole,2026-07-06,0.0571428571428571,False,55.0,-0.0914826498422712,25,4,Barpeta,Assam,cotton,yardage_fabric,18.388142424626395,26.0,20.0,22.0,18.0,19.5970356061566,4.299667534602732,20.36567853538553,3.2786358360908374,1120.7614583333334,0.9114677463574822,7.636233012360819,18.0,24.007305145263672,21.480432073820182,16.97662834909679,25.984235798543576,21.480432073820182,19.57872101310986,1120.7614583333334
C26,stole,2026-07-13,0.2571428571428571,False,64.8,-0.0778012684989428,25,4,Barpeta,Assam,cotton,yardage_fabric,21.480432073820182,18.388142424626395,14.0,19.0,22.0,19.967143624611644,4.381365249635956,20.489047874870547,3.290386883046582,1115.7199131944444,0.9083333682677958,7.537944073071145,22.0,23.631765365600586,22.94539038355041,18.441586658827017,27.449194108273804,22.94539038355041,20.842063733309836,1115.7199131944444
C26,stole,2026-07-20,0.4571428571428571,False,60.5,-0.0638750132851524,25,4,Barpeta,Assam,cotton,yardage_fabric,22.94539038355041,21.480432073820182,26.0,19.0,19.0,22.203491220499245,2.7406018611213394,20.734497073499746,3.353993354548173,1118.7882392939816,0.9049841485604562,8.64127072331172,19.0,23.341928482055664,21.515568426400723,17.01176470167733,26.019372151124116,21.515568426400723,19.471248373160492,1118.7882392939816
C27,stole,2026-06-29,0.0,True,52.8,-0.0947897049591964,26,4,Chanderi,Madhya Pradesh,cotton-silk,saree,1.0,2.0,2.0,2.0,2.0,1.75,0.4330127018922193,1.5,0.7637626158259734,5546.865833333333,0.9444444444444444,0.0,2.0,2.005873441696167,2.0034028760598535,0.0,6.507206600783247,2.0034028760598535,1.8921027162787505,5546.865833333333
C27,stole,2026-07-06,0.0571428571428571,False,55.0,-0.0914826498422712,26,4,Chanderi,Madhya Pradesh,cotton-silk,saree,2.0034028760598535,1.0,2.0,0.0,3.0,1.7508507190149634,0.433506090702321,1.583616906338321,0.7593589956512792,5558.794652777778,0.9415209914230099,0.11130015978110297,3.0,2.4176323413848877,2.6625956183701343,0.0,7.166399343093528,2.6625956183701343,2.506889666366411,5558.794652777778
C27,stole,2026-07-13,0.2571428571428571,False,64.8,-0.0778012684989428,26,4,Chanderi,Madhya Pradesh,cotton-silk,saree,2.6625956183701343,2.0034028760598535,2.0,0.0,1.0,1.916499623607497,0.5939602852081148,1.6388332078691654,0.8100281431423567,5583.211707175927,0.9864229567667033,0.26700611178482614,1.0,2.6304924488067627,1.944652898050776,0.0,6.44845662277417,1.944652898050776,1.9182502615801849,5583.211707175927
C27,stole,2026-07-20,0.4571428571428571,False,60.5,-0.0638750132851524,26,4,Chanderi,Madhya Pradesh,cotton-silk,saree,1.944652898050776,2.6625956183701343,1.0,2.0,0.0,1.9026628481201908,0.5924967827335995,1.634220949373397,0.8081138568819458,5625.883516107252,0.9850382966693335,0.2934087482554171,0.0,2.7489466667175293,1.5926479372548714,0.0,6.096451661978265,1.5926479372548714,1.5688192113074662,5625.883516107252
C28,stole,2026-06-29,0.0,True,52.8,-0.0947897049591964,27,4,Maheshwar,Madhya Pradesh,cotton-silk,saree,2.0,2.0,4.0,1.0,6.0,2.25,1.0897247358851685,2.75,1.8314384146529925,4845.221666666667,1.0,0.0,6.0,2.7351315021514893,4.108444175559136,0.0,8.61224790028253,4.108444175559136,4.108444175559136,4845.221666666667
C28,stole,2026-07-06,0.0571428571428571,False,55.0,-0.0914826498422712,27,4,Maheshwar,Madhya Pradesh,cotton-silk,saree,4.108444175559136,2.0,1.0,5.0,4.0,2.277111043889784,1.1333991705117068,2.6757036812965946,1.755150308436004,4824.417638888888,1.0,0.0,4.0,3.16623592376709,3.5169449257612655,0.0,8.02074865048466,3.5169449257612655,3.5169449257612655,4824.417638888888
C28,stole,2026-07-13,0.2571428571428571,False,64.8,-0.0778012684989428,27,4,Maheshwar,Madhya Pradesh,cotton-silk,saree,3.5169449257612655,4.108444175559136,2.0,6.0,3.0,2.9063472753301003,0.930160902108999,2.9687824251100334,1.5674870042740694,4843.854108796296,1.0,0.0,3.0,3.209465980529785,3.121357597022493,0.0,7.625161321745887,3.121357597022493,3.121357597022493,4843.854108796296
C28,stole,2026-07-20,0.4571428571428571,False,60.5,-0.0638750132851524,27,4,Maheshwar,Madhya Pradesh,cotton-silk,saree,3.121357597022493,3.5169449257612655,2.0,3.0,3.0,3.1866866745857236,0.7699351523155802,3.145562224861908,1.4507569253460812,4827.457784529321,1.0,0.0,3.0,3.2182986736297607,3.1264749645641774,0.0,7.630278689287572,3.1264749645641774,3.1264749645641774,4827.457784529321
C29,stole,2026-06-29,0.0,True,52.8,-0.0947897049591964,28,4,Paithan Paithani,Maharashtra,silk,saree,1.0,1.0,2.0,0.0,1.0,1.0,0.7071067811865476,1.3333333333333333,0.9428090415820632,19643.681666666667,0.9375,1.0,1.0,0.7496117353439331,0.8549333975644247,0.0,5.358737122287819,0.8549333975644247,0.8015000602166481,19643.681666666667
C29,stole,2026-07-06,0.0571428571428571,False,55.0,-0.0914826498422712,28,4,Paithan Paithani,Maharashtra,silk,saree,0.8549333975644247,1.0,0.0,3.0,2.0,0.7137333493911062,0.41630816054302344,1.237911116463702,0.9283418877716935,19646.184305555555,0.9290852870790727,0.05343333734777689,2.0,0.9928944706916809,1.4165166740880655,0.0,5.920320398811459,1.4165166740880655,1.3160648007974036,19646.184305555555
C29,stole,2026-07-13,0.2571428571428571,False,64.8,-0.0778012684989428,28,4,Paithan Paithani,Maharashtra,silk,saree,1.4165166740880655,0.8549333975644247,1.0,2.0,1.0,1.0678625179131225,0.20982681762917574,1.272620839304374,0.9265826548244959,19668.967997685188,0.9244416735002573,0.15388521063843807,1.0,1.2001700401306152,1.1159718394591203,0.0,5.619775564182514,1.1159718394591203,1.0316508748487496,19668.967997685188
C29,stole,2026-07-20,0.4571428571428571,False,60.5,-0.0638750132851524,28,4,Paithan Paithani,Maharashtra,silk,saree,1.1159718394591203,1.4165166740880655,1.0,0.0,4.0,1.0968554777779025,0.20643158199556932,1.1989518259259675,0.9006015572018053,19699.209497492284,0.9139382870052261,0.23820617524880827,4.0,1.3550550937652588,2.4676072111294998,0.0,6.9714109358528935,2.4676072111294998,2.255240707541438,19699.209497492284
C30,stole,2026-06-29,0.0,True,52.8,-0.0947897049591964,29,4,Solapur,Maharashtra,cotton,home_furnishing,8.0,2.0,10.0,8.0,11.0,6.75,2.947456530637899,6.666666666666667,2.173067468400883,1788.8291666666667,0.975,1.0,11.0,7.043110370635986,8.707510232027593,4.203706507304199,13.211313956750987,8.707510232027593,8.489822476226903,1788.8291666666667
C30,stole,2026-07-06,0.0571428571428571,False,55.0,-0.0914826498422712,29,4,Solapur,Maharashtra,cotton,home_furnishing,8.707510232027593,8.0,7.0,5.0,7.0,6.426877558006899,2.6268666628901425,7.058959186002299,2.0791399857695625,1784.2049305555556,0.9738194671319452,1.2176877558006893,7.0,8.057547569274902,7.612707760083891,3.1089040353604975,12.116511484807285,7.612707760083891,7.41340301435612,1784.2049305555556
C30,stole,2026-07-13,0.2571428571428571,False,64.8,-0.0778012684989428,29,4,Solapur,Maharashtra,cotton,home_furnishing,7.612707760083891,8.707510232027593,2.0,8.0,1.0,6.580054498027872,2.673274447809252,7.276684832675957,1.98688088957187,1793.8920081018516,0.9723203565324722,1.416992501528462,1.0,7.321606159210205,4.662527589749845,0.15872386502645153,9.16633131447324,4.662527589749845,4.533470488408057,1793.8920081018516
C30,stole,2026-07-20,0.4571428571428571,False,60.5,-0.0638750132851524,29,4,Solapur,Maharashtra,cotton,home_furnishing,4.662527589749845,7.612707760083891,8.0,9.0,15.0,7.245686395465333,1.542184492915781,7.08189546515511,2.114913253813478,1799.2255087770063,0.9700403936653504,1.546049602870255,15.0,10.36203670501709,12.312918884803754,7.80911516008036,16.816722609527147,12.312918884803754,11.94402868218456,1799.2255087770063
C31,stole,2026-06-29,0.0,True,52.8,-0.0947897049591964,30,4,Kota Doria,Rajasthan,cotton-silk,saree,1.0,3.0,3.0,3.0,4.0,2.75,1.0897247358851685,2.9166666666666665,1.0374916331657278,4156.7925,0.8571428571428571,2.0,4.0,2.653315305709839,3.2197758412479516,0.0,7.723579565971345,3.2197758412479516,2.7598078639268153,4156.7925
C31,stole,2026-07-06,0.0571428571428571,False,55.0,-0.0914826498422712,30,4,Kota Doria,Rajasthan,cotton-silk,saree,3.2197758412479516,1.0,4.0,4.0,6.0,2.804943960311988,1.1063582134554295,2.934981320103996,1.0407358084376015,4169.512708333333,0.8733675081458695,1.4599679773211367,6.0,3.1434600353240967,4.345016097435016,0.0,8.84881982215841,4.345016097435016,3.79479588187051,4169.512708333333
C31,stole,2026-07-13,0.2571428571428571,False,64.8,-0.0778012684989428,30,4,Kota Doria,Rajasthan,cotton-silk,saree,4.345016097435016,3.2197758412479516,3.0,3.0,6.0,2.891197984670742,1.2051989678676227,3.213732661556914,0.926876021705939,4152.222934027777,0.8700838785581494,2.010188192885643,6.0,3.2784383296966553,4.423218015540373,0.0,8.927021740263767,4.423218015540373,3.8485706866696483,4152.222934027777
C31,stole,2026-07-20,0.4571428571428571,False,60.5,-0.0638750132851524,30,4,Kota Doria,Rajasthan,cotton-silk,saree,4.423218015540373,4.345016097435016,1.0,2.0,2.0,3.247002488555835,1.3819260404507128,3.2490008295186112,0.963453090248074,4148.973178530092,0.8567550503779588,1.584835521756366,2.0,3.741342782974243,3.0088758814186787,0.0,7.512679606142072,3.0088758814186787,2.5778696073658853,4148.973178530092
C32,stole,2026-06-29,0.0,True,52.8,-0.0947897049591964,31,4,Balaramapuram,Kerala,cotton,saree,7.0,7.0,10.0,13.0,3.0,7.75,1.299038105676658,8.666666666666666,2.211083193570267,3180.4074999999993,0.9807692307692307,0.0,3.0,6.872920036315918,5.243840588714276,0.7400368639908823,9.74764431343767,5.243840588714276,5.142997500469771,3180.4074999999993
C32,stole,2026-07-06,0.0571428571428571,False,55.0,-0.0914826498422712,31,4,Balaramapuram,Kerala,cotton,saree,5.243840588714276,7.0,7.0,10.0,11.0,6.5609601471785695,0.7604393316342806,8.18698671572619,2.276269724756604,3196.848125,0.9786160325608664,0.10084308824450616,11.0,7.64570426940918,9.056633022041371,4.552829297317977,13.560436746764765,9.056633022041371,8.862966276389857,3196.848125
C32,stole,2026-07-13,0.2571428571428571,False,64.8,-0.0778012684989428,31,4,Balaramapuram,Kerala,cotton,saree,9.056633022041371,5.243840588714276,7.0,11.0,11.0,7.075118402688912,1.3501170474729505,8.441706134229637,2.1865428636604647,3180.68546875,0.9773494658799661,0.2945098338960186,11.0,7.896108627319336,9.201708948371163,4.697905223647769,13.705512673094557,9.201708948371163,8.99328532587346,3180.68546875
C32,stole,2026-07-20,0.4571428571428571,False,60.5,-0.0638750132851524,31,4,Balaramapuram,Kerala,cotton,saree,9.201708948371163,9.056633022041371,7.0,6.0,12.0,7.625545639781702,1.6275847265762002,8.625181879927235,2.1499372828916483,3185.8459244791666,0.9854792100105217,0.5029334563937198,12.0,9.946986198425293,10.810552334164392,6.306748609440998,15.314356058887785,10.810552334164392,10.653574574049726,3185.8459244791666
C33,stole,2026-06-29,0.0,True,52.8,-0.0947897049591964,32,4,Srinagar Pashmina,Jammu & Kashmir,wool,shawl_wrap,0.0,0.0,0.0,1.0,1.0,0.0,0.0,0.25,0.4330127018922193,25036.615833333333,1.0,0.0,1.0,0.5790072679519653,0.7560908640340338,0.0,5.259894588757428,0.7560908640340338,0.7560908640340338,25036.615833333333
C33,stole,2026-07-06,0.0571428571428571,False,55.0,-0.0914826498422712,32,4,Srinagar Pashmina,Jammu & Kashmir,wool,shawl_wrap,0.7560908640340338,0.0,0.0,0.0,0.0,0.18902271600850845,0.32739694791139956,0.3130075720028362,0.44683969096892046,24961.237152777776,1.0,0.0,0.0,0.7343173623085022,0.4254389677801807,0.0,4.929242692503575,0.4254389677801807,0.4254389677801807,24961.237152777776
C33,stole,2026-07-13,0.2571428571428571,False,64.8,-0.0778012684989428,32,4,Srinagar Pashmina,Jammu & Kashmir,wool,shawl_wrap,0.4254389677801807,0.7560908640340338,0.0,1.0,0.0,0.2953824579535536,0.31767456780283254,0.3484608193178513,0.4373759251476907,25014.68608217593,1.0,0.0,0.0,0.8871484994888306,0.5139842270700649,0.0,5.0177879517934585,0.5139842270700649,0.5139842270700649,25014.68608217593
C33,stole,2026-07-20,0.4571428571428571,False,60.5,-0.0638750132851524,32,4,Srinagar Pashmina,Jammu & Kashmir,wool,shawl_wrap,0.5139842270700649,0.4254389677801807,0.0,1.0,2.0,0.42387851472106985,0.2730199235815257,0.39129283824035666,0.4261778260069462,24972.103255690585,1.0,0.0,2.0,0.8412083983421326,1.3286348271382042,0.0,5.832438551861598,1.3286348271382042,1.3286348271382042,24972.103255690585
C34,stole,2026-06-29,0.0,True,52.8,-0.0947897049591964,33,4,Bhagalpur Tussar,Bihar,silk,saree,2.0,1.0,6.0,1.0,3.0,2.5,2.0615528128088303,2.25,1.8314384146529925,6082.97,0.8888888888888888,2.0,3.0,1.4523123502731323,2.10332143846368,0.0,6.6071251631870735,2.10332143846368,1.8696190564121598,6082.97
C34,stole,2026-07-06,0.0571428571428571,False,55.0,-0.0914826498422712,33,4,Bhagalpur Tussar,Bihar,silk,saree,2.10332143846368,2.0,1.0,1.0,0.0,1.52583035961592,0.527097696873723,2.3419434532053067,1.79368269716633,6083.645833333333,0.8849352241466482,0.23370238205152027,0.0,2.4328277111053467,1.4094991666080814,0.0,5.913302891331475,1.4094991666080814,1.2473154609368362,6083.645833333333
C34,stole,2026-07-13,0.2571428571428571,False,64.8,-0.0778012684989428,33,4,Bhagalpur Tussar,Bihar,silk,saree,1.4094991666080814,2.10332143846368,1.0,1.0,3.0,1.6282051512679403,0.44901027708393654,2.2094017170893134,1.7989158217391967,6080.127152777778,0.9096329235047723,0.395886087722765,3.0,3.344564437866211,3.1996291335380045,0.0,7.703432858261398,3.1996291335380045,2.9104880028712166,6080.127152777778
C34,stole,2026-07-20,0.4571428571428571,False,60.5,-0.0638750132851524,33,4,Bhagalpur Tussar,Bihar,silk,saree,3.1996291335380045,1.4094991666080814,2.0,1.0,5.0,2.1781124346524416,0.6464480749458182,2.2260374782174805,1.807054724157722,6096.817748842593,0.8994840516439546,0.6850272183895534,5.0,3.371134042739868,4.056289436858107,0.0,8.5600931615815,4.056289436858107,3.648567657305705,6096.817748842593
C01,yardage_fabric,2026-06-29,0.0,True,52.8,-0.0947897049591964,0,5,Patan Patola,Gujarat,silk,saree,0.0,1.0,1.0,0.0,0.0,0.5,0.5,0.4166666666666667,0.4930066485916347,44909.22666666666,1.0,0.0,0.0,0.5428005456924438,0.3291690552466906,0.0,5.851410544350891,0.3291690552466906,0.3291690552466906,44909.22666666666
C01,yardage_fabric,2026-07-06,0.0571428571428571,False,55.0,-0.0914826498422712,0,5,Patan Patola,Gujarat,silk,saree,0.3291690552466906,0.0,0.0,1.0,0.0,0.33229226381167265,0.40825227267452346,0.44409742127055757,0.4779890193981178,44784.00722222222,1.0,0.0,0.0,0.41051891446113586,0.24894986621961715,0.0,5.771191355323817,0.24894986621961715,0.24894986621961715,44784.00722222222
C01,yardage_fabric,2026-07-13,0.2571428571428571,False,64.8,-0.0778012684989428,0,5,Patan Patola,Gujarat,silk,saree,0.24894986621961715,0.3291690552466906,1.0,0.0,0.0,0.39452973036657696,0.37003833255835417,0.4648432434555257,0.46344519731640754,45065.726157407415,1.0,0.0,0.0,0.5262000560760498,0.3191020655816561,0.0,5.8413435546858565,0.3191020655816561,0.3191020655816561,45065.726157407415
C01,yardage_fabric,2026-07-20,0.4571428571428571,False,60.5,-0.0638750132851524,0,5,Patan Patola,Gujarat,silk,saree,0.3191020655816561,0.24894986621961715,0.0,1.0,1.0,0.22430524676199096,0.13313813895857662,0.4081017489206637,0.4352767301208117,45327.726670524695,1.0,0.0,1.0,0.5690777897834778,0.7386770187549518,0.0,6.260918507859152,0.7386770187549518,0.7386770187549518,45327.726670524695
C02,yardage_fabric,2026-06-29,0.0,True,52.8,-0.0947897049591964,1,5,Surendranagar Tangaliya,Gujarat,wool,shawl_wrap,2.0,4.0,4.0,5.0,2.0,3.0,1.0,4.416666666666667,1.8911342863183696,4492.386666666666,0.9056603773584906,1.0,2.0,3.979017496109009,3.2001301853516946,0.0,8.722371674455895,3.2001301853516946,2.898231111261912,4492.386666666666
C02,yardage_fabric,2026-07-06,0.0571428571428571,False,55.0,-0.0914826498422712,1,5,Surendranagar Tangaliya,Gujarat,wool,shawl_wrap,3.2001301853516946,2.0,2.0,5.0,1.0,2.8000325463379236,0.848543481648484,4.100010848779308,1.7445096178655009,4476.373055555555,0.9125632583108371,1.301899074089782,1.0,4.214503288269043,2.949362466349545,0.0,8.471603955453745,2.949362466349545,2.6914798222316274,4476.373055555555
C02,yardage_fabric,2026-07-13,0.2571428571428571,False,64.8,-0.0778012684989428,1,5,Surendranagar Tangaliya,Gujarat,wool,shawl_wrap,2.949362466349545,3.2001301853516946,4.0,6.0,7.0,3.03737316292531,0.7136226659928441,4.17912438764177,1.6672983234493497,4505.0441435185185,0.9090762143921107,1.5597817182076987,7.0,6.747396469116211,6.8468143293649,1.3245728402607,12.3690558184691,6.8468143293649,6.2242760511847015,4505.0441435185185
C02,yardage_fabric,2026-07-20,0.4571428571428571,False,60.5,-0.0638750132851524,1,5,Surendranagar Tangaliya,Gujarat,wool,shawl_wrap,6.8468143293649,2.949362466349545,2.0,8.0,6.0,3.749076745266535,1.8436467160436274,4.499692248422178,1.7760366610278489,4500.161988811728,0.9040245474897926,1.182319996387898,6.0,5.98207950592041,5.98913252362669,0.46689103452249014,11.51137401273089,5.98913252362669,5.414322819528018,4500.161988811728
C03,yardage_fabric,2026-06-29,0.0,True,52.8,-0.0947897049591964,2,5,Kutch Weaves (Bhujodi),Gujarat,wool/cotton,shawl_wrap,6.0,3.0,4.0,4.0,5.0,5.75,2.680951323690902,6.25,2.3139072294858036,3166.096666666667,0.9333333333333333,1.0,5.0,5.973313331604004,5.590243750426573,0.06800226132237341,11.112485239530773,5.590243750426573,5.2175608337314685,3166.096666666667
C03,yardage_fabric,2026-07-06,0.0571428571428571,False,55.0,-0.0914826498422712,2,5,Kutch Weaves (Bhujodi),Gujarat,wool/cotton,shawl_wrap,5.590243750426573,6.0,10.0,7.0,3.0,6.147560937606643,2.504036903823258,5.882520312535547,2.0207730051571753,3134.7613888888886,0.9380554211973708,1.372682916695105,3.0,5.537431240081787,4.538767509869855,0.0,10.061008998974055,4.538767509869855,4.257615468187908,3134.7613888888886
C03,yardage_fabric,2026-07-13,0.2571428571428571,False,64.8,-0.0778012684989428,2,5,Kutch Weaves (Bhujodi),Gujarat,wool/cotton,shawl_wrap,4.538767509869855,5.590243750426573,3.0,7.0,9.0,4.7822528150741075,1.158821356885594,5.7607509383580355,2.053781455679533,3130.140671296296,0.9471446952333948,1.653834958377054,9.0,6.9712653160095215,7.769719955930701,2.247478466826501,13.2919614450349,7.769719955930701,7.35904903970881,3130.140671296296
C03,yardage_fabric,2026-07-20,0.4571428571428571,False,60.5,-0.0638750132851524,2,5,Kutch Weaves (Bhujodi),Gujarat,wool/cotton,shawl_wrap,7.769719955930701,4.538767509869855,6.0,4.0,7.0,5.9746828040567825,1.1653803515434435,5.991560934685594,2.1101768228202906,3146.4715605709885,0.9434690180780047,2.064505874598943,7.0,7.2475080490112305,7.150095631453438,1.6278541423492383,12.67233712055764,7.150095631453438,6.745893704571206,3146.4715605709885
C04,yardage_fabric,2026-06-29,0.0,True,52.8,-0.0947897049591964,3,5,Ahmedabad Ashavali,Gujarat,silk,saree,0.0,0.0,0.0,0.0,1.0,0.0,0.0,0.5,0.6454972243679028,37738.29083333334,1.0,0.0,1.0,0.49387767910957336,0.6930736206349335,0.0,6.215315109739134,0.6930736206349335,0.6930736206349335,37738.29083333334
C04,yardage_fabric,2026-07-06,0.0571428571428571,False,55.0,-0.0914826498422712,3,5,Ahmedabad Ashavali,Gujarat,silk,saree,0.6930736206349335,0.0,0.0,1.0,1.0,0.17326840515873337,0.30010968108135555,0.4744228017195778,0.6310987182500698,37551.02423611111,1.0,0.0,1.0,0.38929295539855957,0.6296505917334543,0.0,6.151892080837654,0.6296505917334543,0.6296505917334543,37551.02423611111
C04,yardage_fabric,2026-07-13,0.2571428571428571,False,64.8,-0.0778012684989428,3,5,Ahmedabad Ashavali,Gujarat,silk,saree,0.6296505917334543,0.6930736206349335,0.0,1.0,0.0,0.33068105309209694,0.33144044555316116,0.5268936843640323,0.6154542669049322,37526.01875578703,1.0,0.0,0.0,0.5122475028038025,0.31064085673551195,0.0,5.832882345839712,0.31064085673551195,0.31064085673551195,37526.01875578703
C04,yardage_fabric,2026-07-20,0.4571428571428571,False,60.5,-0.0638750132851524,3,5,Ahmedabad Ashavali,Gujarat,silk,saree,0.31064085673551195,0.6296505917334543,0.0,1.0,0.0,0.4083412672759749,0.27673917816306787,0.3861137557586583,0.4266441398217602,37310.531985435955,1.0,0.0,0.0,0.5623984336853027,0.34105374903823854,0.0,5.863295238142438,0.34105374903823854,0.34105374903823854,37310.531985435955
C05,yardage_fabric,2026-06-29,0.0,True,52.8,-0.0947897049591964,4,5,Surat Mashru,Gujarat,silk-cotton,yardage_fabric,56.0,55.0,59.0,67.0,55.0,58.0,2.7386127875258306,56.75,9.10242641643791,1213.715,0.9427312775330396,12.0,55.0,51.01180648803711,52.58145068038003,47.059209191275826,58.10369216948423,52.58145068038003,49.57017817445518,1213.715
C05,yardage_fabric,2026-07-06,0.0571428571428571,False,55.0,-0.0914826498422712,4,5,Surat Mashru,Gujarat,silk-cotton,yardage_fabric,52.58145068038003,56.0,62.0,68.0,46.0,56.39536267009501,3.4663104624029115,57.881787556698335,7.534326924971123,1209.52875,0.942395132397026,10.011272505924865,46.0,51.67453384399414,49.441192090199706,43.9189506010955,54.96343357930391,49.441192090199706,46.59313876571055,1209.52875
C05,yardage_fabric,2026-07-13,0.2571428571428571,False,64.8,-0.0778012684989428,4,5,Surat Mashru,Gujarat,silk-cotton,yardage_fabric,49.441192090199706,52.58145068038003,55.0,43.0,56.0,53.25566069264494,2.5287767651948205,57.835220230881646,7.584458017871623,1210.1003125,0.9440085619176842,12.859325830414036,56.0,59.08202362060547,57.8690231826287,52.346781693524505,63.3912646717329,57.8690231826287,54.62885335421445,1210.1003125
C05,yardage_fabric,2026-07-20,0.4571428571428571,False,60.5,-0.0638750132851524,4,5,Surat Mashru,Gujarat,silk-cotton,yardage_fabric,57.8690231826287,49.441192090199706,56.0,62.0,90.0,53.97291648830211,3.2311537433224515,56.99097216276737,6.942702273952716,1211.4245052083331,0.9442901594571632,13.099495658828289,90.0,71.57315826416016,78.82546059781691,73.30321910871271,84.34770208692112,78.82546059781691,74.43410675719687,1211.4245052083331
C06,yardage_fabric,2026-06-29,0.0,True,52.8,-0.0947897049591964,5,5,Varanasi Banarasi,Uttar Pradesh,silk,saree,3.0,2.0,1.0,1.0,1.0,2.25,0.82915619758885,2.3333333333333335,1.247219128924647,8393.196666666669,1.0,0.0,1.0,1.9465662240982056,1.5740235749346096,0.0,7.09626506403881,1.5740235749346096,1.5740235749346096,8393.196666666669
C06,yardage_fabric,2026-07-06,0.0571428571428571,False,55.0,-0.0914826498422712,5,5,Varanasi Banarasi,Uttar Pradesh,silk,saree,1.5740235749346096,3.0,3.0,5.0,6.0,2.3935058937336526,0.6249136662569894,2.2978352979112175,1.2621735729331212,8440.788055555557,1.0,0.0,6.0,2.1926941871643066,3.691145914660777,0.0,9.213387403764976,3.691145914660777,3.691145914660777,8440.788055555557
C06,yardage_fabric,2026-07-13,0.2571428571428571,False,64.8,-0.0778012684989428,5,5,Varanasi Banarasi,Uttar Pradesh,silk,saree,3.691145914660777,1.5740235749346096,2.0,0.0,1.0,2.5662923723988467,0.8304640593121521,2.3554307907996157,1.3078435767451972,8455.108726851851,1.0,0.0,1.0,2.3662219047546387,1.8285142253711608,0.0,7.350755714475361,1.8285142253711608,1.8285142253711608,8455.108726851851
C06,yardage_fabric,2026-07-20,0.4571428571428571,False,60.5,-0.0638750132851524,5,5,Varanasi Banarasi,Uttar Pradesh,silk,saree,1.8285142253711608,3.691145914660777,3.0,3.0,4.0,2.5234209287416367,0.8624036055853356,2.341140309580546,1.312577529787506,8516.97778742284,1.0,0.0,4.0,2.7695019245147705,3.2537924064287056,0.0,8.776033895532905,3.2537924064287056,3.2537924064287056,8516.97778742284
C07,yardage_fabric,2026-06-29,0.0,True,52.8,-0.0947897049591964,6,5,Mubarakpur Azamgarh,Uttar Pradesh,silk,saree,4.0,5.0,1.0,4.0,7.0,4.5,2.5,3.1666666666666665,2.153807997220014,6027.472499999999,0.9473684210526315,2.0,7.0,4.235443115234375,5.3234973045704095,0.0,10.84573879367461,5.3234973045704095,5.043313235908808,6027.472499999999
C07,yardage_fabric,2026-07-06,0.0571428571428571,False,55.0,-0.0914826498422712,6,5,Mubarakpur Azamgarh,Uttar Pradesh,silk,saree,5.3234973045704095,4.0,8.0,1.0,3.0,5.580874326142602,1.479441666218867,3.4436247753808673,2.199185539170605,6035.036041666666,0.9448211255728007,2.280184068661601,3.0,3.9867403507232666,3.5983862610289328,0.0,9.120627750133133,3.5983862610289328,3.3998313573910584,6035.036041666666
C07,yardage_fabric,2026-07-13,0.2571428571428571,False,64.8,-0.0778012684989428,6,5,Mubarakpur Azamgarh,Uttar Pradesh,silk,saree,3.5983862610289328,5.3234973045704095,5.0,4.0,5.0,4.480470891399835,0.7052534297338173,3.743490297133279,1.9391443984946508,6046.6848784722215,0.9448211255728007,2.4787389722994746,5.0,4.624535083770752,4.772307834370735,0.0,10.294549323474936,4.772307834370735,4.508977259650052,6046.6848784722215
C07,yardage_fabric,2026-07-20,0.4571428571428571,False,60.5,-0.0638750132851524,6,5,Mubarakpur Azamgarh,Uttar Pradesh,silk,saree,4.772307834370735,3.5983862610289328,4.0,2.0,4.0,4.423547849992519,0.6692957075599566,3.9745159499975067,1.8819671636329436,6032.8402850115735,0.9425072641650472,1.742069547020158,4.0,5.101175785064697,4.6677830295249185,0.0,10.19002451862912,4.6677830295249185,4.399419412873566,6032.8402850115735
C08,yardage_fabric,2026-06-29,0.0,True,52.8,-0.0947897049591964,7,5,Shantipur-Fulia Tant,West Bengal,cotton,saree,8.0,9.0,8.0,10.0,6.0,7.0,2.345207879911715,6.083333333333333,2.3964673074247345,2198.4799999999996,0.9863013698630136,1.0,6.0,6.262478828430176,6.159174320406034,0.6369328313018343,11.681415809510234,6.159174320406034,6.074802069441568,2198.4799999999996
C08,yardage_fabric,2026-07-06,0.0571428571428571,False,55.0,-0.0914826498422712,7,5,Shantipur-Fulia Tant,West Bengal,cotton,saree,6.159174320406034,8.0,3.0,5.0,2.0,6.539793580101509,2.2836280360317827,6.42993119336717,2.0576533254315725,2200.1791666666663,0.9859462952978012,1.084372250964467,2.0,6.064241409301758,4.464666838696145,0.0,9.986908327800345,4.464666838696145,4.40192172935141,2200.1791666666663
C08,yardage_fabric,2026-07-13,0.2571428571428571,False,64.8,-0.0778012684989428,7,5,Shantipur-Fulia Tant,West Bengal,cotton,saree,4.464666838696145,6.159174320406034,9.0,5.0,6.0,6.905960289775544,1.7392188040809626,6.135320096591848,2.0648415201086756,2210.5932638888885,0.9844192133655421,1.147117360309199,6.0,6.886018753051758,6.537305937120686,1.0150644480164859,12.059547426224885,6.537305937120686,6.435449568150234,2210.5932638888885
C08,yardage_fabric,2026-07-20,0.4571428571428571,False,60.5,-0.0638750132851524,7,5,Shantipur-Fulia Tant,West Bengal,cotton,saree,6.537305937120686,4.464666838696145,8.0,6.0,14.0,6.290286774055716,1.2583934605057407,6.26342892468524,2.0379430902712357,2208.3360358796294,0.9833827212924158,0.24897372927965122,14.0,7.38169527053833,9.986479504451374,4.464238015347174,15.508720993555574,9.986479504451374,9.820531391218328,2208.3360358796294
C09,yardage_fabric,2026-06-29,0.0,True,52.8,-0.0947897049591964,8,5,Murshidabad Silk,West Bengal,silk,saree,4.0,5.0,3.0,3.0,3.0,4.0,0.7071067811865476,3.0833333333333335,1.3819269959814167,6966.554166666666,1.0,0.0,3.0,3.1361966133117676,3.0825933409378616,0.0,8.604834830042062,3.0825933409378616,3.0825933409378616,6966.554166666666
C09,yardage_fabric,2026-07-06,0.0571428571428571,False,55.0,-0.0914826498422712,8,5,Murshidabad Silk,West Bengal,silk,saree,3.0825933409378616,4.0,4.0,4.0,5.0,4.0206483352344655,0.6782200164953359,3.173549445078155,1.3430496621906198,6919.3995138888895,1.0,0.0,5.0,3.208861827850342,3.9138049609167984,0.0,9.436046450021,3.9138049609167984,3.9138049609167984,6919.3995138888895
C09,yardage_fabric,2026-07-13,0.2571428571428571,False,64.8,-0.0778012684989428,8,5,Murshidabad Silk,West Bengal,silk,saree,3.9138049609167984,3.0825933409378616,5.0,1.0,7.0,3.9990995754636653,0.6799009706929251,3.4996998584878884,0.9506779065351928,6923.4261400462965,1.0,0.0,7.0,3.899278163909912,5.11963770952641,0.0,10.64187919863061,5.11963770952641,5.11963770952641,6923.4261400462965
C09,yardage_fabric,2026-07-20,0.4571428571428571,False,60.5,-0.0638750132851524,8,5,Murshidabad Silk,West Bengal,silk,saree,5.11963770952641,3.9138049609167984,4.0,4.0,4.0,4.029009002845267,0.724445835529363,3.6763363342817557,1.0346317839926436,6899.5866517168215,1.0,0.0,4.0,4.468297958374023,4.283988654313686,0.0,9.806230143417885,4.283988654313686,4.283988654313686,6899.5866517168215
C10,yardage_fabric,2026-06-29,0.0,True,52.8,-0.0947897049591964,9,5,Bishnupur Baluchari,West Bengal,silk,saree,1.0,5.0,1.0,1.0,1.0,3.0,2.0,2.0,1.8257418583505538,11730.491666666663,1.0,0.0,1.0,1.8078863620758057,1.4899243242505102,0.0,7.01216581335471,1.4899243242505102,1.4899243242505102,11730.491666666663
C10,yardage_fabric,2026-07-06,0.0571428571428571,False,55.0,-0.0914826498422712,9,5,Bishnupur Baluchari,West Bengal,silk,saree,1.4899243242505102,1.0,5.0,0.0,1.0,3.1224810810626273,1.885492116505476,1.9574936936875424,1.831176665473036,11798.650138888888,1.0,0.0,1.0,1.747572422027588,1.4533483060032357,0.0,6.975589795107435,1.4533483060032357,1.4533483060032357,11798.650138888888
C10,yardage_fabric,2026-07-13,0.2571428571428571,False,64.8,-0.0778012684989428,9,5,Bishnupur Baluchari,West Bengal,silk,saree,1.4533483060032357,1.4899243242505102,5.0,1.0,0.0,2.2358181575634366,1.6075263960347879,1.9952727191878121,1.8156435292418658,11802.255983796298,1.0,0.0,0.0,2.1108481884002686,1.280075912706617,0.0,6.802317401810817,1.280075912706617,1.280075912706617,11802.255983796298
C10,yardage_fabric,2026-07-20,0.4571428571428571,False,60.5,-0.0638750132851524,9,5,Bishnupur Baluchari,West Bengal,silk,saree,1.280075912706617,1.4533483060032357,1.0,0.0,2.0,1.3058371357400906,0.19355078954628185,1.9352790452466968,1.8263586343960463,11838.75981577932,1.0,0.0,2.0,2.118020534515381,2.07157087102147,0.0,7.5938123601256695,2.07157087102147,2.07157087102147,11838.75981577932
C11,yardage_fabric,2026-06-29,0.0,True,52.8,-0.0947897049591964,10,5,Nadia Jamdani,West Bengal,cotton,saree,0.0,1.0,0.0,0.0,0.0,0.25,0.4330127018922193,1.0833333333333333,1.4976833963009524,9186.827500000001,1.0,0.0,0.0,1.3728930950164795,0.832559817095944,0.0,6.354801306200144,0.832559817095944,0.832559817095944,9186.827500000001
C11,yardage_fabric,2026-07-06,0.0571428571428571,False,55.0,-0.0914826498422712,10,5,Nadia Jamdani,West Bengal,cotton,saree,0.832559817095944,0.0,0.0,2.0,1.0,0.458139954273986,0.46194885491636184,0.9027133180913287,1.381860455844745,9197.668125,1.0,0.0,1.0,1.170876145362854,1.1036239550229874,0.0,6.625865444127188,1.1036239550229874,1.1036239550229874,9197.668125
C11,yardage_fabric,2026-07-13,0.2571428571428571,False,64.8,-0.0778012684989428,10,5,Nadia Jamdani,West Bengal,cotton,saree,1.1036239550229874,0.832559817095944,1.0,0.0,0.0,0.7340459430297328,0.43469756648438157,0.5780153143432443,0.6391349127114176,9171.598802083334,1.0,0.0,0.0,1.351833462715149,0.8197886816881333,0.0,6.342030170792333,0.8197886816881333,0.8197886816881333,9171.598802083334
C11,yardage_fabric,2026-07-20,0.4571428571428571,False,60.5,-0.0638750132851524,10,5,Nadia Jamdani,West Bengal,cotton,saree,0.8197886816881333,1.1036239550229874,0.0,1.0,3.0,0.6889931134517662,0.41362698299057654,0.5629977044839221,0.6311100130403436,9216.046202256945,1.0,0.0,3.0,1.9299434423446655,2.3510885187217383,0.0,7.873330007825938,2.3510885187217383,2.3510885187217383,9216.046202256945
C12,yardage_fabric,2026-06-29,0.0,True,52.8,-0.0947897049591964,11,5,Sambalpur Ikat,Odisha,cotton/silk,saree,4.0,6.0,2.0,1.0,7.0,4.0,1.4142135623730951,3.9166666666666665,2.5967394084804805,5001.172500000001,1.0,0.0,7.0,4.147050380706787,5.269893539529974,0.0,10.792135028634174,5.269893539529974,5.269893539529974,5001.172500000001
C12,yardage_fabric,2026-07-06,0.0571428571428571,False,55.0,-0.0914826498422712,11,5,Sambalpur Ikat,Odisha,cotton/silk,saree,5.269893539529974,4.0,4.0,3.0,6.0,4.8174733848824935,0.8572599754122142,3.939157794960831,2.6071729311454654,4978.561041666667,1.0,0.0,6.0,4.2360520362854,4.930293844897397,0.0,10.452535334001597,4.930293844897397,4.930293844897397,4978.561041666667
C12,yardage_fabric,2026-07-13,0.2571428571428571,False,64.8,-0.0778012684989428,11,5,Sambalpur Ikat,Odisha,cotton/silk,saree,4.930293844897397,5.269893539529974,6.0,2.0,5.0,5.050046846106843,0.7189719611219616,4.183348948702281,2.5507298660662987,4990.627795138888,1.0,0.0,5.0,5.307002544403076,5.186174716111561,0.0,10.70841620521576,5.186174716111561,5.186174716111561,4990.627795138888
C12,yardage_fabric,2026-07-20,0.4571428571428571,False,60.5,-0.0638750132851524,11,5,Sambalpur Ikat,Odisha,cotton/silk,saree,5.186174716111561,4.930293844897397,4.0,2.0,9.0,4.846590525134733,0.5045355854012376,3.698863508378244,1.575777280627489,4976.188444733797,1.0,0.0,9.0,5.357179164886475,6.790894091313785,1.2686526022095848,12.313135580417985,6.790894091313785,6.790894091313785,4976.188444733797
C13,yardage_fabric,2026-06-29,0.0,True,52.8,-0.0947897049591964,12,5,Berhampur Patta,Odisha,silk,saree,1.0,1.0,1.0,0.0,1.0,0.75,0.4330127018922193,1.3333333333333333,1.247219128924647,8063.422500000001,0.8125,2.0,1.0,1.6271692514419556,1.3803325394847636,0.0,6.902574028588964,1.3803325394847636,1.1215201883313703,8063.422500000001
C13,yardage_fabric,2026-07-06,0.0571428571428571,False,55.0,-0.0914826498422712,12,5,Berhampur Patta,Odisha,silk,saree,1.3803325394847636,1.0,0.0,1.0,2.0,0.8450831348711909,0.5120195065096589,1.1983610449570636,1.1428213476127633,8054.369374999999,0.7733840756320818,2.2588123511533933,2.0,1.532683253288269,1.7166063791998893,0.0,7.23884786830409,1.7166063791998893,1.3275960378016414,8054.369374999999
C13,yardage_fabric,2026-07-13,0.2571428571428571,False,64.8,-0.0778012684989428,12,5,Berhampur Patta,Odisha,silk,saree,1.7166063791998893,1.3803325394847636,1.0,1.0,3.0,1.2742347296711634,0.2988974721663103,1.0080782432237212,0.798821759798868,8045.999322916666,0.7811163046825114,2.6478226925516415,3.0,1.9321396350860596,2.3524203498990675,0.0,7.874661839003267,2.3524203498990675,1.8375138907731,8045.999322916666
C13,yardage_fabric,2026-07-20,0.4571428571428571,False,60.5,-0.0638750132851524,12,5,Berhampur Patta,Odisha,silk,saree,2.3524203498990675,1.7166063791998893,1.0,1.0,6.0,1.6123398171459302,0.49683451457018774,0.9541132723819766,0.674657397305238,8077.507599826389,0.7237636554600985,2.162729151677609,6.0,2.5465400218963623,3.905727679631447,0.0,9.427969168735647,3.905727679631447,2.826823742641744,8077.507599826389
C14,yardage_fabric,2026-06-29,0.0,True,52.8,-0.0947897049591964,13,5,Nuapatna Sonepuri,Odisha,cotton,saree,3.0,2.0,6.0,2.0,2.0,4.0,1.5811388300841898,3.6666666666666665,1.5456030825826172,4161.649166666667,0.9318181818181818,2.0,2.0,3.026841640472412,2.622704776855148,0.0,8.144946265959348,2.622704776855148,2.443883996615024,4161.649166666667
C14,yardage_fabric,2026-07-06,0.0571428571428571,False,55.0,-0.0914826498422712,13,5,Nuapatna Sonepuri,Odisha,cotton,saree,2.622704776855148,3.0,5.0,5.0,3.0,3.155676194213787,1.123099658938196,3.635225398071262,1.5625890910374358,4158.875763888889,0.927129214098464,2.178820780240123,3.0,3.603591203689575,3.366034168260189,0.0,8.888275657364389,3.366034168260189,3.120748613047646,4158.875763888889
C14,yardage_fabric,2026-07-13,0.2571428571428571,False,64.8,-0.0778012684989428,13,5,Nuapatna Sonepuri,Odisha,cotton,saree,3.366034168260189,2.622704776855148,2.0,5.0,2.0,2.747184736278834,0.505141185081023,3.4157282454262776,1.3905146831658926,4140.64291087963,0.9408592116313071,1.4241063354526666,2.0,3.6899096965789795,3.024807330592313,0.0,8.547048819696514,3.024807330592313,2.845917840397682,4140.64291087963
C14,yardage_fabric,2026-07-20,0.4571428571428571,False,60.5,-0.0638750132851524,13,5,Nuapatna Sonepuri,Odisha,cotton,saree,3.024807330592313,3.366034168260189,3.0,2.0,1.0,3.0033865689269126,0.26310749989148036,3.4177955229756365,1.389913393979733,4154.8139867862665,0.9365332661518946,1.602995825647298,1.0,3.7103731632232666,2.6436442088798118,0.0,8.165885697984011,2.6436442088798118,2.4758607454857517,4154.8139867862665
C15,yardage_fabric,2026-06-29,0.0,True,52.8,-0.0947897049591964,14,5,Pochampally Ikat,Telangana,cotton/silk,saree,4.0,6.0,2.0,5.0,3.0,4.5,1.6583123951777,4.0,1.7320508075688772,4867.6,0.8333333333333334,2.0,3.0,3.3336710929870605,3.2023472513307207,0.0,8.724588740434921,3.2023472513307207,2.668622709442267,4867.6
C15,yardage_fabric,2026-07-06,0.0571428571428571,False,55.0,-0.0914826498422712,14,5,Pochampally Ikat,Telangana,cotton/silk,saree,3.2023472513307207,4.0,6.0,5.0,2.0,4.80058681283268,1.232121435566854,3.9335289376108933,1.7460247488184413,4874.339166666667,0.8403951290435866,2.5337245418884535,2.0,2.803821325302124,2.4874591750811614,0.0,8.009700664185361,2.4874591750811614,2.090448574432986,4874.339166666667
C15,yardage_fabric,2026-07-13,0.2571428571428571,False,64.8,-0.0778012684989428,14,5,Pochampally Ikat,Telangana,cotton/silk,saree,2.4874591750811614,3.2023472513307207,6.0,0.0,5.0,3.9224516066029707,1.3133901401746526,3.974150535534324,1.7057747828271437,4888.443263888889,0.8337016705074235,1.9307351425366281,5.0,3.875514030456543,4.318081038845332,0.0,9.840322527949532,4.318081038845332,3.5999913754717836,4888.443263888889
C15,yardage_fabric,2026-07-20,0.4571428571428571,False,60.5,-0.0638750132851524,14,5,Pochampally Ikat,Telangana,cotton/silk,saree,4.318081038845332,2.4874591750811614,4.0,4.0,3.0,3.5019718663143036,0.7129300656461527,3.917323955438101,1.6818437616111948,4880.431869212963,0.8585593787675692,1.6488248059101753,3.0,4.817333221435547,4.10208043141378,0.0,9.62432192051798,4.10208043141378,3.521879626849217,4880.431869212963
C16,yardage_fabric,2026-06-29,0.0,True,52.8,-0.0947897049591964,15,5,Gadwal,Telangana,silk-cotton,saree,3.0,2.0,3.0,3.0,2.0,3.25,1.0897247358851685,3.4166666666666665,0.9537935951882998,6573.931666666666,0.926829268292683,1.0,2.0,2.932483673095703,2.5654835319192815,0.0,8.08772502102348,2.5654835319192815,2.3777652247056755,6573.931666666666
C16,yardage_fabric,2026-07-06,0.0571428571428571,False,55.0,-0.0914826498422712,15,5,Gadwal,Telangana,silk-cotton,saree,2.5654835319192815,3.0,5.0,3.0,0.0,3.14137088297982,1.1301395549682531,3.2971236276599405,0.9630427110495373,6572.010138888888,0.9194318374842575,1.1877183072136042,0.0,3.0733020305633545,1.8637341725545689,0.0,7.385975661658769,1.8637341725545689,1.7135765348540495,6572.010138888888
C16,yardage_fabric,2026-07-13,0.2571428571428571,False,64.8,-0.0778012684989428,15,5,Gadwal,Telangana,silk-cotton,saree,1.8637341725545689,2.5654835319192815,2.0,5.0,4.0,2.3573044261184624,0.4548830038883398,3.285768142039488,0.9789426021477282,6526.2851504629625,0.9153451136177273,0.3378759449141242,4.0,3.6938090324401855,3.8143174462211356,0.0,9.336558935325336,3.8143174462211356,3.4914168361853646,6526.2851504629625
C16,yardage_fabric,2026-07-20,0.4571428571428571,False,60.5,-0.0638750132851524,15,5,Gadwal,Telangana,silk-cotton,saree,3.8143174462211356,1.8637341725545689,3.0,3.0,1.0,2.8108837876737462,0.7070993084099273,3.2702945958912495,0.968947344289046,6559.113913001544,0.9067164428257408,0.6607765549498943,1.0,3.8257789611816406,2.713629432338804,0.0,8.235870921443004,2.713629432338804,2.4604924260374745,6559.113913001544
C17,yardage_fabric,2026-06-29,0.0,True,52.8,-0.0947897049591964,16,5,Venkatagiri,Andhra Pradesh,cotton/silk,saree,5.0,7.0,4.0,6.0,5.0,5.0,1.224744871391589,5.166666666666667,2.153807997220014,4026.720833333333,0.9354838709677419,1.0,5.0,3.7712600231170654,4.254858565371508,0.0,9.777100054475708,4.254858565371508,3.9803515611539915,4026.720833333333
C17,yardage_fabric,2026-07-06,0.0571428571428571,False,55.0,-0.0914826498422712,16,5,Venkatagiri,Andhra Pradesh,cotton/silk,saree,4.254858565371508,5.0,4.0,4.0,5.0,5.063714641342877,1.1767537481897392,4.6879048804476255,1.5912886652495224,4014.775069444444,0.9240153275072183,1.274507004217515,5.0,4.15369987487793,4.486780522141494,0.0,10.009022011245694,4.486780522141494,4.14585397361958,4014.775069444444
C17,yardage_fabric,2026-07-13,0.2571428571428571,False,64.8,-0.0778012684989428,16,5,Venkatagiri,Andhra Pradesh,cotton/silk,saree,4.486780522141494,4.254858565371508,7.0,6.0,2.0,5.18540977187825,1.081795134951829,4.978469923959417,1.147935373469902,3999.124658564815,0.9394821834827242,1.6154335527394288,2.0,4.874009609222412,3.7428778127531297,0.0,9.265119301857329,3.7428778127531297,3.516367020034353,3999.124658564815
C17,yardage_fabric,2026-07-20,0.4571428571428571,False,60.5,-0.0638750132851524,16,5,Venkatagiri,Andhra Pradesh,cotton/silk,saree,3.7428778127531297,4.486780522141494,5.0,6.0,2.0,4.371129225066533,0.4519602796320276,5.0403764083555105,1.0559128409225524,4003.8883801118827,0.9364805318393591,0.8419443454582094,2.0,5.070262908935547,3.8618911663104813,0.0,9.384132655414682,3.8618911663104813,3.616585893332162,4003.8883801118827
C18,yardage_fabric,2026-06-29,0.0,True,52.8,-0.0947897049591964,17,5,Mangalagiri,Andhra Pradesh,cotton,saree,1.0,3.0,1.0,5.0,6.0,2.0,1.0,3.5833333333333335,2.9568658332016953,2496.706666666667,0.9767441860465116,1.0,6.0,4.739315032958984,5.23548625207218,0.0,10.75772774117638,5.23548625207218,5.113730757837943,2496.706666666667
C18,yardage_fabric,2026-07-06,0.0571428571428571,False,55.0,-0.0914826498422712,17,5,Mangalagiri,Andhra Pradesh,cotton,saree,5.23548625207218,1.0,3.0,8.0,3.0,3.058871563018045,1.4986273168699225,3.686290521006015,2.9908953875683455,2500.9788888888893,0.9746412758335693,1.1217554942342378,3.0,4.033832550048828,3.626944255092312,0.0,9.149185744196512,3.626944255092312,3.534969576160406,2500.9788888888893
C18,yardage_fabric,2026-07-13,0.2571428571428571,False,64.8,-0.0778012684989428,17,5,Mangalagiri,Andhra Pradesh,cotton,saree,3.626944255092312,5.23548625207218,3.0,7.0,4.0,3.215607626791123,1.5169468750812416,3.238535875597041,2.5283009036840465,2518.0304629629636,0.9687685469661403,0.21373017316614273,4.0,4.9676833152771,4.586829554972908,0.0,10.109071044077108,4.586829554972908,4.443576203152452,2518.0304629629636
C18,yardage_fabric,2026-07-20,0.4571428571428571,False,60.5,-0.0638750132851524,17,5,Mangalagiri,Andhra Pradesh,cotton,saree,4.586829554972908,3.626944255092312,1.0,0.0,8.0,3.61231501553435,1.6131310552569162,3.6207716718447833,2.3502516938963667,2506.912168209877,0.9687685469661403,0.3569835249865978,8.0,6.05662727355957,6.821485775150563,1.2992442860463633,12.343727264254763,6.821485775150563,6.608440862542807,2506.912168209877
C19,yardage_fabric,2026-06-29,0.0,True,52.8,-0.0947897049591964,18,5,Kanchipuram Kanjeevaram,Tamil Nadu,silk,saree,1.0,1.0,0.0,0.0,1.0,0.75,0.4330127018922193,0.5833333333333334,0.8620067027323832,15173.248333333331,0.8571428571428571,0.0,1.0,0.7638978362083435,0.8568212084277556,0.0,6.379062697531955,0.8568212084277556,0.7344181786523618,15173.248333333331
C19,yardage_fabric,2026-07-06,0.0571428571428571,False,55.0,-0.0914826498422712,18,5,Kanchipuram Kanjeevaram,Tamil Nadu,silk,saree,0.8568212084277556,1.0,1.0,0.0,0.0,0.9642053021069389,0.06199823539236049,0.6547351007023129,0.8460696365209143,15184.17486111111,0.8571428571428572,0.12240302977539352,0.0,0.670517086982727,0.40661984922529126,0.0,5.928861338329491,0.40661984922529126,0.34853129933596394,15184.17486111111
C19,yardage_fabric,2026-07-13,0.2571428571428571,False,64.8,-0.0778012684989428,18,5,Kanchipuram Kanjeevaram,Tamil Nadu,silk,saree,0.40661984922529126,0.8568212084277556,1.0,0.0,0.0,0.8158602644132618,0.24339802834127927,0.6886200881377539,0.8270988844324794,15352.991932870369,0.8571428571428571,0.18049157966472107,0.0,0.8430104851722717,0.5112245504713276,0.0,6.0334660395755275,0.5112245504713276,0.43819247183256654,15352.991932870369
C19,yardage_fabric,2026-07-20,0.4571428571428571,False,60.5,-0.0638750132851524,18,5,Kanchipuram Kanjeevaram,Tamil Nadu,silk,saree,0.5112245504713276,0.40661984922529126,1.0,0.0,1.0,0.6936664020310936,0.24297145756917507,0.48122213401036446,0.4455273952353489,15284.403760609566,0.9560972573118695,0.25352365830348234,1.0,0.8472187519073486,0.907349284201782,0.0,6.429590773305982,0.907349284201782,0.8675141620492117,15284.403760609566
C20,yardage_fabric,2026-06-29,0.0,True,52.8,-0.0947897049591964,19,5,Arani Silk,Tamil Nadu,silk,saree,2.0,2.0,0.0,1.0,2.0,1.5,0.8660254037844386,1.3333333333333333,0.8498365855987975,6928.1375,0.875,1.0,2.0,1.6466870307922363,1.7857413792166317,0.0,7.307982868320831,1.7857413792166317,1.5625237068145528,6928.1375
C20,yardage_fabric,2026-07-06,0.0571428571428571,False,55.0,-0.0914826498422712,19,5,Arani Silk,Tamil Nadu,silk,saree,1.7857413792166317,2.0,2.0,2.0,3.0,1.9464353448041578,0.09277670428910674,1.3154784482680526,0.8378081373020234,6900.508958333333,0.8591629231092593,1.223217672402079,3.0,1.6639955043792725,2.1898104356770762,0.0,7.712051924781276,2.1898104356770762,1.8814039349714775,6900.508958333333
C20,yardage_fabric,2026-07-13,0.2571428571428571,False,64.8,-0.0778012684989428,19,5,Arani Silk,Tamil Nadu,silk,saree,2.1898104356770762,1.7857413792166317,2.0,2.0,4.0,1.9938879537234269,0.14299067245205616,1.4979626512411421,0.7668896467488026,6942.080538194444,0.8591629231092595,1.5316241731076774,4.0,2.1493120193481445,2.87769233287995,0.0,8.399933821984149,2.87769233287995,2.472406556526242,6942.080538194444
C20,yardage_fabric,2026-07-20,0.4571428571428571,False,60.5,-0.0638750132851524,19,5,Arani Silk,Tamil Nadu,silk,saree,2.87769233287995,2.1898104356770762,2.0,2.0,3.0,2.2133110369434146,0.4093507650355202,1.7377703456478046,0.7087022111935838,6939.150583043981,0.8591629231092595,0.936909949461386,3.0,2.4722096920013428,2.6799335622799534,0.0,8.202175051384152,2.6799335622799534,2.3024995531070553,6939.150583043981
C21,yardage_fabric,2026-06-29,0.0,True,52.8,-0.0947897049591964,20,5,Salem,Tamil Nadu,cotton,yardage_fabric,159.0,195.0,168.0,173.0,174.0,170.0,14.949916387726054,172.5,12.093386622447824,900.5333333333334,0.9396135265700483,44.0,174.0,174.311767578125,174.18906436252203,168.66682287341783,179.71130585162624,174.18906436252203,163.67040105560645,900.5333333333334
C21,yardage_fabric,2026-07-06,0.0571428571428571,False,55.0,-0.0914826498422712,20,5,Salem,Tamil Nadu,cotton,yardage_fabric,174.18906436252203,159.0,158.0,169.0,172.0,171.5472660906305,14.983091560259618,173.5157553635435,11.673409352448314,898.8236111111111,0.940198195525036,41.51866330691553,172.0,171.64878845214844,171.7870157384412,166.264774249337,177.3092572275454,171.7870157384412,161.51384221191338,898.8236111111111
C21,yardage_fabric,2026-07-13,0.2571428571428571,False,64.8,-0.0778012684989428,20,5,Salem,Tamil Nadu,cotton,yardage_fabric,171.7870157384412,174.18906436252203,195.0,177.0,220.0,174.9940200252408,12.912985145123919,172.9980066750803,11.600593221889124,902.7605787037037,0.9408510348406944,45.79183683344331,220.0,206.2534637451172,211.66372549209257,206.14148400298836,217.18596698119677,211.66372549209257,199.14403516747197,902.7605787037037
C21,yardage_fabric,2026-07-20,0.4571428571428571,False,60.5,-0.0638750132851524,20,5,Salem,Tamil Nadu,cotton,yardage_fabric,211.66372549209257,171.7870157384412,159.0,158.0,236.0,179.15995139826396,19.634083050202534,175.55331713275464,15.725604739934688,898.4147935956789,0.9452628176625563,45.311527158063996,236.0,218.89398193359375,225.62644409509818,220.10420260599398,231.14868558420238,225.62644409509818,213.27628828451574,898.4147935956789
C22,yardage_fabric,2026-06-29,0.0,True,52.8,-0.0947897049591964,21,5,Ilkal,Karnataka,cotton/silk,saree,5.0,4.0,3.0,6.0,4.0,4.25,0.82915619758885,4.0,1.2909944487358056,3933.984999999999,0.9166666666666666,3.0,4.0,3.764909267425537,3.857434567903631,0.0,9.379676057007831,3.857434567903631,3.5359816872449947,3933.984999999999
C22,yardage_fabric,2026-07-06,0.0571428571428571,False,55.0,-0.0914826498422712,21,5,Ilkal,Karnataka,cotton/silk,saree,3.857434567903631,5.0,5.0,3.0,1.0,4.464358641975908,0.5380076925374737,4.071452880658636,1.2569493072705775,3962.187083333333,0.9115497381539234,2.3214528806586365,1.0,3.5829660892486572,2.5663810843218453,0.0,8.088622573426045,2.5663810843218453,2.33938400541676,3962.187083333333
C22,yardage_fabric,2026-07-13,0.2571428571428571,False,64.8,-0.0778012684989428,21,5,Ilkal,Karnataka,cotton/silk,saree,2.5663810843218453,3.857434567903631,4.0,3.0,3.0,3.855953913056369,0.8649553452583468,4.118651304352123,1.1869656872857752,3926.561006944444,0.9079704814462477,0.5484499595637224,3.0,5.474096298217773,4.5003594737266965,0.0,10.022600962830897,4.5003594737266965,4.086193558040811,3926.561006944444
C22,yardage_fabric,2026-07-20,0.4571428571428571,False,60.5,-0.0638750132851524,21,5,Ilkal,Karnataka,cotton/silk,saree,4.5003594737266965,2.5663810843218453,5.0,6.0,10.0,3.9810437814880433,0.9116619916238141,4.243681260496015,1.1406643174105449,3945.0494241898145,0.9025489197817063,0.9626158752496092,10.0,5.54419469833374,7.297878137462794,1.775636648358594,12.820119626566994,7.297878137462794,6.586692029665575,3945.0494241898145
C23,yardage_fabric,2026-06-29,0.0,True,52.8,-0.0947897049591964,22,5,Molakalmuru,Karnataka,silk,saree,5.0,2.0,5.0,3.0,4.0,4.0,1.224744871391589,3.4166666666666665,1.5523280008497633,9046.1875,0.9024390243902439,3.0,4.0,2.6819443702697754,3.200695117490337,0.0,8.722936606594537,3.200695117490337,2.8884321791985967,9046.1875
C23,yardage_fabric,2026-07-06,0.0571428571428571,False,55.0,-0.0914826498422712,22,5,Molakalmuru,Karnataka,silk,saree,3.200695117490337,5.0,4.0,2.0,4.0,3.5501737793725843,1.098807737976486,3.266724593124195,1.4772320520503106,9055.588125,0.8899952430596639,2.31226293829174,4.0,2.8572189807891846,3.3069864217479714,0.0,8.829227910852172,3.3069864217479714,2.943202184218594,9055.588125
C23,yardage_fabric,2026-07-13,0.2571428571428571,False,64.8,-0.0778012684989428,22,5,Molakalmuru,Karnataka,silk,saree,3.3069864217479714,3.200695117490337,2.0,1.0,6.0,3.3769203848095772,1.068438496987787,3.042306794936526,1.2285845790498262,9147.717135416666,0.871916074133732,1.6760471758211182,6.0,3.546109437942505,4.511893835772021,0.0,10.034135324876221,4.511893835772021,3.933992760194526,9147.717135416666
C23,yardage_fabric,2026-07-20,0.4571428571428571,False,60.5,-0.0638750132851524,22,5,Molakalmuru,Karnataka,silk,saree,4.511893835772021,3.3069864217479714,5.0,4.0,2.0,4.0048938437525825,0.7715399560489659,3.2516312812508605,1.2470138512836748,9087.835230034721,0.8653509629229987,2.2539482513986133,2.0,3.2729616165161133,2.771958643002783,0.0,8.294200132106983,2.771958643002783,2.3987170809051874,9087.835230034721
C24,yardage_fabric,2026-06-29,0.0,True,52.8,-0.0947897049591964,23,5,Guledgudda Khana,Karnataka,cotton,dupatta,16.0,14.0,13.0,16.0,11.0,15.0,1.5811388300841898,12.416666666666666,3.4990077958695025,1461.8408333333336,0.9261744966442953,5.0,11.0,15.114081382751465,13.494891157931182,7.972649668826982,19.017132647035382,13.494891157931182,12.498624025466464,1461.8408333333336
C24,yardage_fabric,2026-07-06,0.0571428571428571,False,55.0,-0.0914826498422712,23,5,Guledgudda Khana,Karnataka,cotton,dupatta,13.494891157931182,16.0,17.0,9.0,13.0,15.123722789482795,1.4321420418314068,12.5412409298276,3.508553817037882,1472.4284027777778,0.9335773656131986,5.996267132464716,13.0,12.955167770385742,12.972812513207955,7.4505710241037555,18.495054002312155,12.972812513207955,12.111124130674622,1472.4284027777778
C24,yardage_fabric,2026-07-13,0.2571428571428571,False,64.8,-0.0778012684989428,23,5,Guledgudda Khana,Karnataka,cotton,dupatta,12.972812513207955,13.494891157931182,14.0,16.0,10.0,14.116925917784783,1.146250670049859,13.038975305928261,3.085279937649771,1463.438269675926,0.930605771924543,4.857955514998054,10.0,15.556953430175781,13.36988812037276,7.84764663126856,18.89212960947696,13.36988812037276,12.44209505480427,1463.438269675926
C24,yardage_fabric,2026-07-20,0.4571428571428571,False,60.5,-0.0638750132851524,23,5,Guledgudda Khana,Karnataka,cotton,dupatta,13.36988812037276,12.972812513207955,16.0,12.0,16.0,13.959397947877974,1.1938065117157337,13.236465982625992,3.0236771171863754,1468.2522921489199,0.9320957434640298,4.785748580566548,16.0,14.637359619140625,15.173657708401388,9.651416219297188,20.69589919750559,15.173657708401388,14.143301762781098,1468.2522921489199
C25,yardage_fabric,2026-06-29,0.0,True,52.8,-0.0947897049591964,24,5,Sualkuchi Muga Silk,Assam,silk,saree,2.0,3.0,1.0,2.0,1.0,1.5,1.118033988749895,2.0833333333333335,1.552328000849763,11986.40916666667,1.0,0.0,1.0,1.4519273042678833,1.2740610431706014,0.0,6.796302532274801,1.2740610431706014,1.2740610431706014,11986.40916666667
C25,yardage_fabric,2026-07-06,0.0571428571428571,False,55.0,-0.0914826498422712,24,5,Sualkuchi Muga Silk,Assam,silk,saree,1.2740610431706014,2.0,0.0,1.0,1.0,1.5685152607926502,1.093420212951912,2.10617175359755,1.538173106694508,12020.144930555556,1.0,0.0,1.0,1.6939326524734497,1.4208196867748568,0.0,6.943061175879057,1.4208196867748568,1.4208196867748568,12020.144930555556
C25,yardage_fabric,2026-07-13,0.2571428571428571,False,64.8,-0.0778012684989428,24,5,Sualkuchi Muga Silk,Assam,silk,saree,1.4208196867748568,1.2740610431706014,3.0,4.0,5.0,1.9237201824863646,0.6780786757505497,2.0579067274954546,1.5497902797690437,12043.685341435184,1.0,0.0,5.0,2.4413557052612305,3.448368315221426,0.0,8.970609804325626,3.448368315221426,3.448368315221426,12043.685341435184
C25,yardage_fabric,2026-07-20,0.4571428571428571,False,60.5,-0.0638750132851524,24,5,Sualkuchi Muga Silk,Assam,silk,saree,3.448368315221426,1.4208196867748568,2.0,2.0,2.0,2.035812261291721,0.8595170022419826,2.2619374204305736,1.5582274500787106,12028.528286554785,1.0,0.0,2.0,2.251271963119507,2.152378171625668,0.0,7.674619660729868,2.152378171625668,2.152378171625668,12028.528286554785
C26,yardage_fabric,2026-06-29,0.0,True,52.8,-0.0947897049591964,25,5,Barpeta,Assam,cotton,yardage_fabric,142.0,118.0,127.0,135.0,132.0,128.0,8.74642784226795,127.83333333333333,8.513061859414755,1087.6066666666666,0.9413298565840938,34.0,132.0,125.21449279785156,127.8850833647349,122.36284187563069,133.4073248538391,127.8850833647349,120.38204718297078,1087.6066666666666
C26,yardage_fabric,2026-07-06,0.0571428571428571,False,55.0,-0.0914826498422712,25,5,Barpeta,Assam,cotton,yardage_fabric,127.8850833647349,142.0,125.0,129.0,144.0,128.22127084118372,8.729509761327208,128.15709028039456,8.434636316792835,1083.9730555555554,0.942451463286107,32.50303618176412,144.0,128.16700744628906,134.39844148648677,128.87619999738257,139.92068297559098,134.39844148648677,126.66400784231169,1083.9730555555554
C26,yardage_fabric,2026-07-13,0.2571428571428571,False,64.8,-0.0778012684989428,25,5,Barpeta,Assam,cotton,yardage_fabric,134.39844148648677,127.8850833647349,118.0,110.0,157.0,130.57088121280543,8.810725544012143,128.27362707093513,8.51006657828281,1085.5383101851853,0.9420266192775862,31.23746982593923,157.0,136.8158416748047,144.75977588898976,139.23753439988556,150.28201737809397,144.75977588898976,136.36756228808608,1085.5383101851853
C26,yardage_fabric,2026-07-20,0.4571428571428571,False,60.5,-0.0638750132851524,25,5,Barpeta,Assam,cotton,yardage_fabric,144.75977588898976,134.39844148648677,142.0,121.0,168.0,137.26082518505285,6.6104427746139125,129.0036083950176,9.46377562697019,1084.9348360339507,0.941455330491397,33.6296834268428,168.0,164.53672790527344,165.8997773444957,160.3775358553915,171.4220188335999,165.8997773444957,156.18722970831138,1084.9348360339507
C27,yardage_fabric,2026-06-29,0.0,True,52.8,-0.0947897049591964,26,5,Chanderi,Madhya Pradesh,cotton-silk,saree,3.0,2.0,2.0,4.0,2.0,2.0,0.7071067811865476,2.1666666666666665,1.4624940645653537,5579.791666666667,1.0,0.0,2.0,1.94130539894104,1.9644059930816533,0.0,7.4866474821858535,1.9644059930816533,1.9644059930816533,5579.791666666667
C27,yardage_fabric,2026-07-06,0.0571428571428571,False,55.0,-0.0914826498422712,26,5,Chanderi,Madhya Pradesh,cotton-silk,saree,1.9644059930816533,3.0,1.0,5.0,2.0,1.9911014982704134,0.7072747344554975,2.3303671660901375,1.3131246881695127,5593.017638888889,1.0,0.0,2.0,1.9397181272506714,1.9634434282373752,0.0,7.485684917341575,1.9634434282373752,1.9634434282373752,5593.017638888889
C27,yardage_fabric,2026-07-13,0.2571428571428571,False,64.8,-0.0778012684989428,26,5,Chanderi,Madhya Pradesh,cotton-silk,saree,1.9634434282373752,1.9644059930816533,2.0,1.0,3.0,2.231962355329757,0.44367138151649615,2.327320785109919,1.3139297469768518,5589.685775462964,1.0,0.0,3.0,2.5519096851348877,2.728265811853265,0.0,8.250507300957466,2.728265811853265,2.728265811853265,5589.685775462964
C27,yardage_fabric,2026-07-20,0.4571428571428571,False,60.5,-0.0638750132851524,26,5,Chanderi,Madhya Pradesh,cotton-silk,saree,2.728265811853265,1.9634434282373752,3.0,1.0,0.0,2.4140288082930734,0.4602431402518414,2.2213429360976913,1.2228744165782,5594.405423418209,1.0,0.0,0.0,2.3307316303253174,1.4134192289896286,0.0,6.935660718093828,1.4134192289896286,1.4134192289896286,5594.405423418209
C28,yardage_fabric,2026-06-29,0.0,True,52.8,-0.0947897049591964,27,5,Maheshwar,Madhya Pradesh,cotton-silk,saree,3.0,2.0,1.0,3.0,0.0,2.25,0.82915619758885,2.5,0.7637626158259734,4993.009166666666,0.9666666666666667,1.0,0.0,2.154782295227051,1.306718753344941,0.0,6.828960242449141,1.306718753344941,1.2631614615667763,4993.009166666666
C28,yardage_fabric,2026-07-06,0.0571428571428571,False,55.0,-0.0914826498422712,27,5,Maheshwar,Madhya Pradesh,cotton-silk,saree,1.306718753344941,3.0,3.0,2.0,2.0,2.326679688336235,0.716547348728218,2.3588932294454117,0.8131721161221298,4995.180763888889,0.9631339364738327,1.0435572917781641,2.0,2.0123608112335205,2.0074959330606976,0.0,7.529737422164898,2.0074959330606976,1.9334874604639596,4995.180763888889
C28,yardage_fabric,2026-07-13,0.2571428571428571,False,64.8,-0.0778012684989428,27,5,Maheshwar,Madhya Pradesh,cotton-silk,saree,2.0074959330606976,1.306718753344941,2.0,2.0,3.0,2.0785536716014095,0.6033266856951951,2.27618455720047,0.7940067254303648,4985.21666087963,0.9590848290091561,1.117565764374902,3.0,2.643082618713379,2.7835555654252992,0.0,8.3057970545295,2.7835555654252992,2.669665913503408,4985.21666087963
C28,yardage_fabric,2026-07-20,0.4571428571428571,False,60.5,-0.0638750132851524,27,5,Maheshwar,Madhya Pradesh,cotton-silk,saree,2.7835555654252992,2.0074959330606976,3.0,2.0,4.0,2.2744425629577343,0.6695856029354581,2.1748141876525784,0.6276898383244596,5014.0788826195985,0.9528137689766657,0.231455416296793,4.0,3.057253837585449,3.428293014658698,0.0,8.950534503762897,3.428293014658698,3.2665247884533293,5014.0788826195985
C29,yardage_fabric,2026-06-29,0.0,True,52.8,-0.0947897049591964,28,5,Paithan Paithani,Maharashtra,silk,saree,0.0,1.0,3.0,0.0,3.0,1.0,1.224744871391589,1.0,1.1547005383792515,19730.76916666667,0.75,1.0,3.0,1.1413664817810059,1.8728739421926934,0.0,7.395115431296894,1.8728739421926934,1.40465545664452,19730.76916666667
C29,yardage_fabric,2026-07-06,0.0571428571428571,False,55.0,-0.0914826498422712,28,5,Paithan Paithani,Maharashtra,silk,saree,1.8728739421926934,0.0,0.0,2.0,0.0,0.7182184855481734,0.7817137633769718,1.1560728285160577,1.1354002299243418,19765.02909722222,0.7499999999999999,0.46821848554817347,0.0,1.0500568151474,0.636783091948594,0.0,6.159024581052794,0.636783091948594,0.4775873189614454,19765.02909722222
C29,yardage_fabric,2026-07-13,0.2571428571428571,False,64.8,-0.0778012684989428,28,5,Paithan Paithani,Maharashtra,silk,saree,0.636783091948594,1.8728739421926934,1.0,2.0,4.0,0.8774142585353218,0.6770757685096361,1.1258047528451074,1.143966542750574,19733.984855324074,0.7314947189726425,0.627414258535322,4.0,1.617584228515625,2.5552380981785663,0.0,8.077479587282767,2.5552380981785663,1.8691431745353198,19733.984855324074
C29,yardage_fabric,2026-07-20,0.4571428571428571,False,60.5,-0.0638750132851524,28,5,Paithan Paithani,Maharashtra,silk,saree,2.5552380981785663,0.636783091948594,0.0,3.0,2.0,1.2662237830799634,1.0036309795649359,1.3387412610266545,1.1523762869326575,19824.56192660108,0.7314947189726425,1.3135091821785685,2.0,1.7122617959976196,1.825507705322925,0.0,7.347749194427125,1.825507705322925,1.3353492458875864,19824.56192660108
C30,yardage_fabric,2026-06-29,0.0,True,52.8,-0.0947897049591964,29,5,Solapur,Maharashtra,cotton,home_furnishing,6.0,4.0,8.0,10.0,9.0,5.75,1.479019945774904,6.333333333333333,2.3921166824012206,1807.7158333333334,0.9736842105263158,0.0,9.0,7.117400169372559,7.858340116691152,2.336098627586952,13.380581605795353,7.858340116691152,7.651541692567701,1807.7158333333334
C30,yardage_fabric,2026-07-06,0.0571428571428571,False,55.0,-0.0914826498422712,29,5,Solapur,Maharashtra,cotton,home_furnishing,7.858340116691152,6.0,5.0,10.0,8.0,5.714585029172788,1.4254456467202188,6.488195009724262,2.4254452439890217,1805.447986111111,0.9716562359174883,0.20679842412345195,8.0,7.063299655914307,7.4319593637869295,1.9097178746827295,12.95420085289113,7.4319593637869295,7.221309660908939,1805.447986111111
C30,yardage_fabric,2026-07-13,0.2571428571428571,False,64.8,-0.0778012684989428,29,5,Solapur,Maharashtra,cotton,home_furnishing,7.4319593637869295,7.858340116691152,4.0,9.0,6.0,6.322574870119521,1.5072920604108426,6.524191623373174,2.435956576526381,1802.4036516203703,0.9691219966835836,0.4174481270014425,6.0,7.926596164703369,7.16834046024824,1.6460989711440401,12.69058194935244,7.16834046024824,6.946996419743493,1802.4036516203703
C30,yardage_fabric,2026-07-20,0.4571428571428571,False,60.5,-0.0638750132851524,29,5,Solapur,Maharashtra,cotton,home_furnishing,7.16834046024824,7.4319593637869295,6.0,3.0,6.0,7.11465998518158,0.6890369202070774,6.871553328393861,2.1938112306569897,1794.109789255401,0.9679985970008356,0.638792167506189,6.0,9.189589500427246,7.93425406590378,2.4120125767995804,13.45649555500798,7.93425406590378,7.680346804043035,1794.109789255401
C31,yardage_fabric,2026-06-29,0.0,True,52.8,-0.0947897049591964,30,5,Kota Doria,Rajasthan,cotton-silk,saree,3.0,4.0,4.0,2.0,8.0,3.0,1.224744871391589,3.5833333333333335,1.3819269959814167,4231.098333333332,0.9302325581395349,2.0,8.0,3.8760361671447754,5.499115854792015,0.0,11.021357343896215,5.499115854792015,5.1154566091088505,4231.098333333332
C31,yardage_fabric,2026-07-06,0.0571428571428571,False,55.0,-0.0914826498422712,30,5,Kota Doria,Rajasthan,cotton-silk,saree,5.499115854792015,3.0,1.0,5.0,6.0,3.3747789636980037,1.6342997712438365,3.874926321232668,1.3862307180698092,4204.27486111111,0.9272317508950128,1.3836592456831642,6.0,4.087761878967285,4.840366649034841,0.0,10.362608138139041,4.840366649034841,4.488141642958402,4204.27486111111
C31,yardage_fabric,2026-07-13,0.2571428571428571,False,64.8,-0.0778012684989428,30,5,Kota Doria,Rajasthan,cotton-silk,saree,4.840366649034841,5.499115854792015,4.0,4.0,2.0,4.3348706259567145,0.9360837444353303,3.7782902086522383,1.270292016032312,4188.84693287037,0.9176019653192053,1.7358842517596056,2.0,4.176816940307617,3.3200811630945726,0.0,8.842322652198773,3.3200811630945726,3.046513000274853,4188.84693287037
C31,yardage_fabric,2026-07-20,0.4571428571428571,False,60.5,-0.0638750132851524,30,5,Kota Doria,Rajasthan,cotton-silk,saree,3.3200811630945726,4.840366649034841,3.0,3.0,6.0,4.164890916730357,1.0376774568714693,3.6382969722434524,1.2194911887141915,4208.240843942901,0.908165540884297,1.0094524145793233,6.0,5.500315189361572,5.696977502428361,0.17473601332416067,11.21921899153256,5.696977502428361,5.1737986548985235,4208.240843942901
C32,yardage_fabric,2026-06-29,0.0,True,52.8,-0.0947897049591964,31,5,Balaramapuram,Kerala,cotton,saree,9.0,6.0,9.0,13.0,6.0,7.5,1.5,8.333333333333334,3.1180478223116177,3161.9233333333336,0.93,5.0,6.0,8.569366455078125,7.558133895244495,2.035892406140295,13.080375384348695,7.558133895244495,7.0290645225773805,3161.9233333333336
C32,yardage_fabric,2026-07-06,0.0571428571428571,False,55.0,-0.0914826498422712,31,5,Balaramapuram,Kerala,cotton,saree,7.558133895244495,9.0,6.0,10.0,8.0,7.139533473811124,1.248362435729864,8.463177824603708,3.049874878418189,3148.3252777777775,0.9258644375995209,4.5290693726671165,8.0,8.577303886413574,8.350092822103889,2.827851332999689,13.872334311208089,8.350092822103889,7.731053994641013,3148.3252777777775
C32,yardage_fabric,2026-07-13,0.2571428571428571,False,64.8,-0.0778012684989428,31,5,Balaramapuram,Kerala,cotton,saree,8.350092822103889,7.558133895244495,6.0,5.0,14.0,7.727056679337096,1.1202475634254352,8.409018893112366,3.045628741594885,3134.669884259259,0.9192522902720959,2.148108200129993,14.0,10.524118423461914,11.892130610814258,6.369889121710058,17.41437209991846,11.892130610814258,10.931868300205904,3134.669884259259
C32,yardage_fabric,2026-07-20,0.4571428571428571,False,60.5,-0.0638750132851524,31,5,Balaramapuram,Kerala,cotton,saree,11.892130610814258,8.350092822103889,9.0,14.0,12.0,9.20008933204066,1.6359732356266286,8.566696444013553,3.170341109596444,3133.481541280864,0.9211250746448815,3.1083705107383395,12.0,12.049978256225586,12.030308177681853,6.508066688577653,17.552549666786053,12.030308177681853,11.081418518168125,3133.481541280864
C33,yardage_fabric,2026-06-29,0.0,True,52.8,-0.0947897049591964,32,5,Srinagar Pashmina,Jammu & Kashmir,wool,shawl_wrap,2.0,1.0,1.0,1.0,0.0,1.25,0.4330127018922193,0.9166666666666666,0.6400954789890507,25406.218333333334,1.0,0.0,0.0,0.8731539249420166,0.5295043544796945,0.0,6.051745843583895,0.5295043544796945,0.5295043544796945,25406.218333333334
C33,yardage_fabric,2026-07-06,0.0571428571428571,False,55.0,-0.0914826498422712,32,5,Srinagar Pashmina,Jammu & Kashmir,wool,shawl_wrap,0.5295043544796945,2.0,1.0,1.0,0.0,1.1323760886199237,0.5364868211569436,0.9607920295399746,0.5918135244795187,25471.69319444444,1.0,0.0,0.0,0.7314009666442871,0.44354149439862606,0.0,5.965782983502826,0.44354149439862606,0.44354149439862606,25471.69319444444
C33,yardage_fabric,2026-07-13,0.2571428571428571,False,64.8,-0.0778012684989428,32,5,Srinagar Pashmina,Jammu & Kashmir,wool,shawl_wrap,0.44354149439862606,0.5295043544796945,1.0,0.0,0.0,0.9932614622195802,0.6186336939870012,0.9977538207398601,0.5424444423974419,25403.08679398148,1.0,0.0,0.0,0.7965583205223083,0.4830546908915328,0.0,6.0052961799957325,0.4830546908915328,0.4830546908915328,25403.08679398148
C33,yardage_fabric,2026-07-20,0.4571428571428571,False,60.5,-0.0638750132851524,32,5,Srinagar Pashmina,Jammu & Kashmir,wool,shawl_wrap,0.4830546908915328,0.44354149439862606,2.0,1.0,2.0,0.8640251349424635,0.6565607393473338,0.8713417116474879,0.4654396856358292,25393.624860146607,1.0,0.0,2.0,0.8143978118896484,1.2810184970229916,0.0,6.803259986127191,1.2810184970229916,1.2810184970229916,25393.624860146607
C34,yardage_fabric,2026-06-29,0.0,True,52.8,-0.0947897049591964,33,5,Bhagalpur Tussar,Bihar,silk,saree,4.0,3.0,4.0,3.0,3.0,3.0,1.224744871391589,2.3333333333333335,1.1785113019775793,5999.774166666666,0.9285714285714286,2.0,3.0,2.2678496837615967,2.5560040795697456,0.0,8.078245568673946,2.5560040795697456,2.373432359600478,5999.774166666666
C34,yardage_fabric,2026-07-06,0.0571428571428571,False,55.0,-0.0914826498422712,33,5,Bhagalpur Tussar,Bihar,silk,saree,2.5560040795697456,4.0,1.0,3.0,4.0,2.6390010198924365,1.0811858446636156,2.4630003399641454,1.1081782632927801,6006.735347222223,0.9261547090705017,1.1825717199692676,4.0,2.3520452976226807,3.0006353221718314,0.0,8.522876811276031,3.0006353221718314,2.7790525338327234,6006.735347222223
C34,yardage_fabric,2026-07-13,0.2571428571428571,False,64.8,-0.0778012684989428,33,5,Bhagalpur Tussar,Bihar,silk,saree,3.0006353221718314,2.5560040795697456,3.0,1.0,2.0,3.1391598504353944,0.5290725198638099,2.4630532834784646,1.108203932210203,6030.907459490741,0.918659409291074,0.40415450830837507,2.0,2.723928928375244,2.4390102465999517,0.0,7.961251735704152,2.4390102465999517,2.2406197123963882,6030.907459490741
C34,yardage_fabric,2026-07-20,0.4571428571428571,False,60.5,-0.0638750132851524,33,5,Bhagalpur Tussar,Bihar,silk,saree,2.4390102465999517,3.0006353221718314,4.0,1.0,4.0,2.9989124120853825,0.6147840175669277,2.416304137361794,1.0963360176698151,6060.849747781635,0.9102436029516311,0.6025450425119399,4.0,3.2433032989501953,3.5411184823421613,0.0,9.063359971446362,3.5411184823421613,3.2232804458457407,6060.849747781635
